{"meta": {"args": {"-db-root": "/home/nd396/bbo_challenge_starter_kit/example_submissions/bo_ei/notebooks", "--opt-root": "/home/nd396/bbo_challenge_starter_kit/example_submissions/bo_ei", "--db": "bo_example_folder", "--jobs-file": null, "--ravel": false, "--verbose": false, "dry_run": false, "rev": "6434ac2", "opt_rev": null}, "signature": {"SVM_iris_acc": [-0.9416666666666668, -0.925, -0.9333333333333332, -0.9166666666666666, -0.95], "SVM_iris_nll": [0.18340364004896872, 0.19916576061820557, 0.18889086350719977, 0.2178619729974876, 0.16704970527526128], "SVM_diabetes_mae": [66.7030794042494, 66.71801256647014, 66.71209752277093, 66.72148253522825, 66.67771016915479], "SVM_wine_nll": [0.6580876899995837, 0.6834310605148202, 0.6595640034955849, 0.652998300988326, 0.6506838291358579], "SVM_wine_acc": [-0.7679802955665025, -0.7960591133004926, -0.7682266009852217, -0.7751231527093596, -0.7751231527093596], "SVM_diabetes_mse": [6311.133617630824, 6314.320562477834, 6313.0579470692, 6315.061315242339, 6305.723564805577], "DT_digits_acc": [-0.10716705381339528, -0.10716705381339528, -0.2693524970963995, -0.10716705381339528, -0.10716705381339528], "SVM_digits_nll": [0.08561350849410329, 0.09235525607538202, 0.08450569740366588, 0.08427289339816398, 0.08366304387103633], "SVM_digits_acc": [-0.9916473093302361, -0.9909552845528455, -0.9909528648857917, -0.9909504452187379, -0.9909528648857917], "DT_iris_nll": [0.4658269806206562, 1.096762342475508, 0.7271854969550956, 1.096762342475508, 0.5957165800853185], "DT_breast_nll": [0.34830753912871476, 0.6549205599224966, 0.3501583314770514, 0.6549205599224966, 0.3330173877345615], "DT_diabetes_mse": [4092.0038458213194, 4578.169057222841, 4450.2614150394975, 4270.674479667032, 4450.536277255496], "DT_iris_acc": [-0.6916666666666667, -0.36666666666666664, -0.9416666666666667, -0.36666666666666664, -0.6916666666666667], "DT_diabetes_mae": [52.256054629772926, 55.628571305668075, 54.51737126176194, 52.86719816807454, 55.451217952362754], "DT_wine_nll": [1.0920077176895173, 1.0920077176895173, 0.6312139825872078, 1.0920077176895173, 0.7662455199674583], "SVM_boston_mae": [3.738860805794821, 3.6309566962885995, 3.7771852702322706, 3.7296701089732, 3.823955841766589], "DT_breast_acc": [-0.8923076923076924, -0.6373626373626373, -0.8923076923076924, -0.6373626373626373, -0.887912087912088], "DT_digits_nll": [2.3016949627431273, 2.3016949627431273, 1.871363997026807, 2.3016949627431273, 2.3016949627431273], "SVM_boston_mse": [30.499793984130996, 29.99078616969417, 31.939414153269503, 32.47305167430328, 30.41843038142099], "DT_boston_mae": [4.106061204632782, 5.524979115751392, 4.652112690008266, 4.577256847862574, 5.310081822443859], "SVM_breast_nll": [0.2928564363167953, 0.24597918585273418, 0.2805601001917279, 0.27458729051584896, 0.27919448321118334], "SVM_breast_acc": [-0.9274725274725275, -0.9362637362637363, -0.9230769230769231, -0.9362637362637363, -0.9186813186813187], "DT_boston_mse": [31.77138521148994, 52.883280178104336, 39.88203868065034, 40.96483251284063, 46.26804168121184], "DT_wine_acc": [-0.38743842364532016, -0.38743842364532016, -0.8741379310344829, -0.38743842364532016, -0.6268472906403941]}},
"data": {"coords": {"iter": {"dims": ["iter"], "attrs": {}, "data": [0, 1, 2, 3, 4, 5, 6, 7, 8, 9, 10, 11, 12, 13, 14]}, "suggestion": {"dims": ["suggestion"], "attrs": {}, "data": [0]}, "function": {"dims": ["function"], "attrs": {}, "data": ["DT_breast_acc"]}, "optimizer": {"dims": ["optimizer"], "attrs": {}, "data": ["GpyOpt_x.x.x_6434ac2", "RandomSearch_0.0.6_6434ac2"]}, "study_id": {"dims": ["study_id"], "attrs": {}, "data": [0, 1, 2]}}, "attrs": {}, "dims": {"function": 1, "iter": 15, "optimizer": 2, "study_id": 3, "suggestion": 1}, "data_vars": {"max_depth": {"dims": ["iter", "suggestion", "function", "optimizer", "study_id"], "attrs": {}, "data": [[[[[5, 4, 6], [14, 5, 14]]]], [[[[14, 13, 5], [5, 8, 12]]]], [[[[5, 3, 6], [2, 1, 6]]]], [[[[10, 14, 6], [13, 14, 3]]]], [[[[10, 4, 7], [8, 11, 11]]]], [[[[2, 4, 7], [4, 7, 7]]]], [[[[8, 4, 6], [2, 7, 10]]]], [[[[13, 5, 9], [7, 13, 10]]]], [[[[13, 5, 3], [8, 9, 11]]]], [[[[2, 4, 1], [10, 14, 11]]]], [[[[2, 5, 2], [2, 14, 14]]]], [[[[11, 5, 15], [7, 11, 6]]]], [[[[7, 5, 4], [8, 8, 6]]]], [[[[2, 4, 13], [13, 9, 3]]]], [[[[3, 5, 8], [13, 7, 11]]]]]}, "max_features": {"dims": ["iter", "suggestion", "function", "optimizer", "study_id"], "attrs": {}, "data": [[[[[0.04404343019154507, 0.8325614034895693, 0.22209950346497273], [0.9891988539769018, 0.0548481928143867, 0.09022342554129881]]]], [[[[0.925400384210598, 0.02005224506411026, 0.09268057330044333], [0.034106957515684516, 0.6381408968297478, 0.5993097501996029]]]], [[[[0.03776490183637415, 0.013270647551301014, 0.2220995034973847], [0.914232103214548, 0.4630430384738171, 0.9674101693803832]]]], [[[[0.980709086626019, 0.016086140619114737, 0.222099504492883], [0.9777603326803976, 0.8834723898473074, 0.03570124516358978]]]], [[[[0.9813127661076766, 0.8224121201256562, 0.2849249188312798], [0.9868887144406235, 0.902689020014903, 0.027264089554962175]]]], [[[[0.14182692502991484, 0.8971601216376458, 0.22547605227428794], [0.02496443614165343, 0.027570765082364307, 0.5686866466181055]]]], [[[[0.01488136380786529, 0.7332417156993402, 0.15424307561709497], [0.03011331426299783, 0.9775533226579572, 0.037260643600860066]]]], [[[[0.9445621082904446, 0.760731474578193, 0.011492756237298354], [0.9524764168172801, 0.9658751934911599, 0.5833785975016749]]]], [[[[0.18040578892976053, 0.7725777293999202, 0.9761624408082042], [0.8525802322466146, 0.12582718239488683, 0.9351846118798901]]]], [[[[0.9150566459260544, 0.7623931318828095, 0.10637563094637745], [0.989378942573633, 0.3932415112800497, 0.13965443410399073]]]], [[[[0.3577854621791893, 0.7486497596972612, 0.016015191166683092], [0.9807758999065972, 0.10471996145421598, 0.529208684358216]]]], [[[[0.7436478184815177, 0.7522427487827913, 0.9278197677018953], [0.7601657145937059, 0.6904298506166526, 0.3422336153951835]]]], [[[[0.37424613818130886, 0.7594697273525296, 0.23464949813346367], [0.7785400124488827, 0.9228283695810237, 0.9620281681698373]]]], [[[[0.019530740424424143, 0.7685026234892078, 0.47682970600615415], [0.9888633435314397, 0.08775935562014368, 0.08073294145384675]]]], [[[[0.4278484694054165, 0.7502282390498941, 0.027529169039192006], [0.4720761636300313, 0.07355393675172878, 0.7315446158975168]]]]]}, "min_impurity_decrease": {"dims": ["iter", "suggestion", "function", "optimizer", "study_id"], "attrs": {},