{"meta": {"args": {"-db-root": "/home/nd396/bbo_challenge_starter_kit/example_submissions/bo_ei/notebooks", "--opt-root": "/home/nd396/bbo_challenge_starter_kit/example_submissions/bo_ei", "--db": "bo_example_folder", "--jobs-file": null, "--ravel": false, "--verbose": false, "dry_run": false, "rev": "6434ac2", "opt_rev": null}, "signature": {"SVM_iris_acc": [-0.9416666666666668, -0.925, -0.9333333333333332, -0.9166666666666666, -0.95], "SVM_iris_nll": [0.18340364004896872, 0.19916576061820557, 0.18889086350719977, 0.2178619729974876, 0.16704970527526128], "SVM_diabetes_mae": [66.7030794042494, 66.71801256647014, 66.71209752277093, 66.72148253522825, 66.67771016915479], "SVM_wine_nll": [0.6580876899995837, 0.6834310605148202, 0.6595640034955849, 0.652998300988326, 0.6506838291358579], "SVM_wine_acc": [-0.7679802955665025, -0.7960591133004926, -0.7682266009852217, -0.7751231527093596, -0.7751231527093596], "SVM_diabetes_mse": [6311.133617630824, 6314.320562477834, 6313.0579470692, 6315.061315242339, 6305.723564805577], "DT_digits_acc": [-0.10716705381339528, -0.10716705381339528, -0.2693524970963995, -0.10716705381339528, -0.10716705381339528], "SVM_digits_nll": [0.08561350849410329, 0.09235525607538202, 0.08450569740366588, 0.08427289339816398, 0.08366304387103633], "SVM_digits_acc": [-0.9916473093302361, -0.9909552845528455, -0.9909528648857917, -0.9909504452187379, -0.9909528648857917], "DT_iris_nll": [0.4658269806206562, 1.096762342475508, 0.7271854969550956, 1.096762342475508, 0.5957165800853185], "DT_breast_nll": [0.34830753912871476, 0.6549205599224966, 0.3501583314770514, 0.6549205599224966, 0.3330173877345615], "DT_diabetes_mse": [4092.0038458213194, 4578.169057222841, 4450.2614150394975, 4270.674479667032, 4450.536277255496], "DT_iris_acc": [-0.6916666666666667, -0.36666666666666664, -0.9416666666666667, -0.36666666666666664, -0.6916666666666667], "DT_diabetes_mae": [52.256054629772926, 55.628571305668075, 54.51737126176194, 52.86719816807454, 55.451217952362754], "DT_wine_nll": [1.0920077176895173, 1.0920077176895173, 0.6312139825872078, 1.0920077176895173, 0.7662455199674583], "SVM_boston_mae": [3.738860805794821, 3.6309566962885995, 3.7771852702322706, 3.7296701089732, 3.823955841766589], "DT_breast_acc": [-0.8923076923076924, -0.6373626373626373, -0.8923076923076924, -0.6373626373626373, -0.887912087912088], "DT_digits_nll": [2.3016949627431273, 2.3016949627431273, 1.871363997026807, 2.3016949627431273, 2.3016949627431273], "SVM_boston_mse": [30.499793984130996, 29.99078616969417, 31.939414153269503, 32.47305167430328, 30.41843038142099], "DT_boston_mae": [4.106061204632782, 5.524979115751392, 4.652112690008266, 4.577256847862574, 5.310081822443859], "SVM_breast_nll": [0.2928564363167953, 0.24597918585273418, 0.2805601001917279, 0.27458729051584896, 0.27919448321118334], "SVM_breast_acc": [-0.9274725274725275, -0.9362637362637363, -0.9230769230769231, -0.9362637362637363, -0.9186813186813187], "DT_boston_mse": [31.77138521148994, 52.883280178104336, 39.88203868065034, 40.96483251284063, 46.26804168121184], "DT_wine_acc": [-0.38743842364532016, -0.38743842364532016, -0.8741379310344829, -0.38743842364532016, -0.6268472906403941]}},
"data": {"coords": {"iter": {"dims": ["iter"], "attrs": {}, "data": [0, 1, 2, 3, 4, 5, 6, 7, 8, 9, 10, 11, 12, 13, 14]}, "suggestion": {"dims": ["suggestion"], "attrs": {}, "data": [0]}, "function": {"dims": ["function"], "attrs": {}, "data": ["DT_breast_nll"]}, "optimizer": {"dims": ["optimizer"], "attrs": {}, "data": ["GpyOpt_x.x.x_6434ac2", "RandomSearch_0.0.6_6434ac2"]}, "study_id": {"dims": ["study_id"], "attrs": {}, "data": [0, 1, 2]}}, "attrs": {}, "dims": {"function": 1, "iter": 15, "optimizer": 2, "study_id": 3, "suggestion": 1}, "data_vars": {"max_depth": {"dims": ["iter", "suggestion", "function", "optimizer", "study_id"], "attrs": {}, "data": [[[[[10, 11, 2], [14, 9, 2]]]], [[[[4, 12, 13], [11, 6, 14]]]], [[[[2, 5, 2], [5, 9, 13]]]], [[[[15, 5, 2], [10, 3, 13]]]], [[[[15, 1, 2], [5, 5, 3]]]], [[[[15, 12, 1], [4, 9, 9]]]], [[[[15, 12, 3], [15, 13, 15]]]], [[[[15, 7, 2], [9, 7, 1]]]], [[[[15, 2, 2], [13, 8, 11]]]], [[[[15, 15, 1], [4, 2, 6]]]], [[[[15, 15, 2], [1, 1, 4]]]], [[[[15, 14, 2], [4, 2, 12]]]], [[[[15, 4, 2], [11, 11, 10]]]], [[[[14, 4, 1], [2, 4, 11]]]], [[[[15, 15, 2], [12, 5, 3]]]]]}, "max_features": {"dims": ["iter", "suggestion", "function", "optimizer", "study_id"], "attrs": {}, "data": [[[[[0.80841551882854, 0.027429657949465502, 0.3676959522163778], [0.95579297895138, 0.982776681338144, 0.1397680839412702]]]], [[[[0.9514813430803398, 0.6956050582693092, 0.37209412976741274], [0.9019999263538903, 0.8723250517958504, 0.3844285276938981]]]], [[[[0.9162194654477444, 0.9022229837069092, 0.6268742853021594], [0.06582679871028625, 0.17800672337885604, 0.07361885573902924]]]], [[[[0.9875003499632583, 0.04709509034750645, 0.2670224776469193], [0.9890707882720476, 0.03320105767567448, 0.816381266873614]]]], [[[[0.99, 0.7705080184270443, 0.2457966080131242], [0.7620636433534933, 0.9625265349613552, 0.5121354787711453]]]], [[[[0.99, 0.6776687176810133, 0.0845601260966398], [0.025299360343687276, 0.5013728685614538, 0.011024222808988083]]]], [[[[0.99, 0.7782028518082649, 0.30106771490039363], [0.862793073860875, 0.9043694274014561, 0.9550802441862445]]]], [[[[0.010000000000000002, 0.99, 0.23370802156321552], [0.4042771789459673, 0.9198600446179229, 0.9503061163806961]]]], [[[[0.99, 0.99, 0.2794872858273534], [0.0992900679982119, 0.015068295075411875, 0.8951869987935887]]]], [[[[0.99, 0.9797746913089226, 0.24531084821007584], [0.2037485425069587, 0.06321326615881014, 0.044248350205506555]]]], [[[[0.99, 0.99, 0.27042144123194634], [0.3104651802785264, 0.9891784146900308, 0.9623887519069582]]]], [[[[0.99, 0.9625126968168853, 0.13551762731259806], [0.8643751329270624, 0.28516273235444367, 0.7245553553706454]]]], [[[[0.99, 0.9596169871935393, 0.05888738272712171], [0.9701240897033225, 0.763539652903026, 0.8690512970875345]]]], [[[[0.99, 0.99, 0.05782002527662234], [0.06491612279586162, 0.022759685263845687, 0.7486689438237536]]]], [[[[0.99, 0.99, 0.11984521083474967], [0.9889609956309208, 0.9803594408714865, 0.7875010660102034]]]]]}, "min_impurity_decrease": {"dims": ["iter", "suggestion", "function", "optimizer", "study_id"], "attrs": {}, "data": [[[[[0.4821348089464221, 0.198257423722637, 0.11429601206860829], [0.31279483998433344, 0.22630860114242202, 0.3157650985277099]]]], [[[[0.4586502300039274, 0.0680526626493903, 0.3640056980760015], [0.3849013915306865, 0.027383615614890555, 0.4285418396990332]]]], [[[[0.33539682168611873, 0.07119754669698353, 0.3722851484261637], [0.43718118909159365, 0.08066224770319774, 0.2538009762787524]]]], [[[[0.3146558879779375, 0.4295713412511203, 0.09635352704616972], [0.33883271572834106, 0.3885913167651791, 0.43810467656622853]]]], [[[[0.22929868915495213, 0.2148894016756842, 0.0], [0.11912474761043207, 0.47305111990950627, 0.38612354833431145]]]], [[[[0.14114057680125122, 0.11236395717092247, 0.0], [0.09750168888133776, 0.385167647542825, 0.1266071746499685]]]], [[[[0.0, 0.0, 0.0], [0.17330716829656695, 0.24572107067435311, 0.2497850952614898]]]], [[[[0.0, 0.0, 0.0031339868853014177], [0.10362111181327649, 0.10030153574142397, 0.0002906731899921522]]]], [[[[0.0, 0.0, 0.042510786150256226], [0.2644199032851175, 0.12121546951284512, 0.41749670216286516]]]], [[[[0.0, 0.0, 0.0], [0.23573867300872986, 0.4892462876658355, 0.20565426056498026]]]], [[[[0.0, 0.0, 0.0], [0.3370172148706492, 0.07006440624283644, 0.22628656937234914]]]], [[[[0.0, 0.0, 0.0], [0.20962050027774126, 0.20484131733053695, 0.3163383616450155]]]], [[[[0.0, 0.051013844360768786, 0.0], [0.2071567481042802, 0.46030986549131453, 0.009203436556396272]]]], [[[[0.0, 0.0, 0.0], [0.16933699880944963, 0.11158398653533447, 0.21570834753610357]]]], [[[[0.0, 0.0, 0.0], [0.25862453557192333, 0.3609090019178294, 0.4416018877274404]]]]]},