{"meta": {"args": {"-db-root": "/home/nd396/bbo_challenge_starter_kit/example_submissions/bo_ei/notebooks", "--opt-root": "/home/nd396/bbo_challenge_starter_kit/example_submissions/bo_ei", "--db": "bo_example_folder", "--jobs-file": null, "--ravel": false, "--verbose": false, "dry_run": false, "rev": "6434ac2", "opt_rev": null}, "signature": {"SVM_iris_acc": [-0.9416666666666668, -0.925, -0.9333333333333332, -0.9166666666666666, -0.95], "SVM_iris_nll": [0.18340364004896872, 0.19916576061820557, 0.18889086350719977, 0.2178619729974876, 0.16704970527526128], "SVM_diabetes_mae": [66.7030794042494, 66.71801256647014, 66.71209752277093, 66.72148253522825, 66.67771016915479], "SVM_wine_nll": [0.6580876899995837, 0.6834310605148202, 0.6595640034955849, 0.652998300988326, 0.6506838291358579], "SVM_wine_acc": [-0.7679802955665025, -0.7960591133004926, -0.7682266009852217, -0.7751231527093596, -0.7751231527093596], "SVM_diabetes_mse": [6311.133617630824, 6314.320562477834, 6313.0579470692, 6315.061315242339, 6305.723564805577], "DT_digits_acc": [-0.10716705381339528, -0.10716705381339528, -0.2693524970963995, -0.10716705381339528, -0.10716705381339528], "SVM_digits_nll": [0.08561350849410329, 0.09235525607538202, 0.08450569740366588, 0.08427289339816398, 0.08366304387103633], "SVM_digits_acc": [-0.9916473093302361, -0.9909552845528455, -0.9909528648857917, -0.9909504452187379, -0.9909528648857917], "DT_iris_nll": [0.4658269806206562, 1.096762342475508, 0.7271854969550956, 1.096762342475508, 0.5957165800853185], "DT_breast_nll": [0.34830753912871476, 0.6549205599224966, 0.3501583314770514, 0.6549205599224966, 0.3330173877345615], "DT_diabetes_mse": [4092.0038458213194, 4578.169057222841, 4450.2614150394975, 4270.674479667032, 4450.536277255496], "DT_iris_acc": [-0.6916666666666667, -0.36666666666666664, -0.9416666666666667, -0.36666666666666664, -0.6916666666666667], "DT_diabetes_mae": [52.256054629772926, 55.628571305668075, 54.51737126176194, 52.86719816807454, 55.451217952362754], "DT_wine_nll": [1.0920077176895173, 1.0920077176895173, 0.6312139825872078, 1.0920077176895173, 0.7662455199674583], "SVM_boston_mae": [3.738860805794821, 3.6309566962885995, 3.7771852702322706, 3.7296701089732, 3.823955841766589], "DT_breast_acc": [-0.8923076923076924, -0.6373626373626373, -0.8923076923076924, -0.6373626373626373, -0.887912087912088], "DT_digits_nll": [2.3016949627431273, 2.3016949627431273, 1.871363997026807, 2.3016949627431273, 2.3016949627431273], "SVM_boston_mse": [30.499793984130996, 29.99078616969417, 31.939414153269503, 32.47305167430328, 30.41843038142099], "DT_boston_mae": [4.106061204632782, 5.524979115751392, 4.652112690008266, 4.577256847862574, 5.310081822443859], "SVM_breast_nll": [0.2928564363167953, 0.24597918585273418, 0.2805601001917279, 0.27458729051584896, 0.27919448321118334], "SVM_breast_acc": [-0.9274725274725275, -0.9362637362637363, -0.9230769230769231, -0.9362637362637363, -0.9186813186813187], "DT_boston_mse": [31.77138521148994, 52.883280178104336, 39.88203868065034, 40.96483251284063, 46.26804168121184], "DT_wine_acc": [-0.38743842364532016, -0.38743842364532016, -0.8741379310344829, -0.38743842364532016, -0.6268472906403941]}},
"data": {"coords": {"iter": {"dims": ["iter"], "attrs": {}, "data": [0, 1, 2, 3, 4, 5, 6, 7, 8, 9, 10, 11, 12, 13, 14]}, "suggestion": {"dims": ["suggestion"], "attrs": {}, "data": [0]}, "function": {"dims": ["function"], "attrs": {}, "data": ["DT_boston_mae"]}, "optimizer": {"dims": ["optimizer"], "attrs": {}, "data": ["GpyOpt_x.x.x_6434ac2", "RandomSearch_0.0.6_6434ac2"]}, "study_id": {"dims": ["study_id"], "attrs": {}, "data": [0, 1, 2]}}, "attrs": {}, "dims": {"function": 1, "iter": 15, "optimizer": 2, "study_id": 3, "suggestion": 1}, "data_vars": {"max_depth": {"dims": ["iter", "suggestion", "function", "optimizer", "study_id"], "attrs": {}, "data": [[[[[2, 11, 8], [8, 8, 14]]]], [[[[7, 6, 11], [6, 5, 13]]]], [[[[7, 15, 11], [8, 11, 11]]]], [[[[7, 6, 13], [2, 2, 7]]]], [[[[7, 6, 13], [4, 6, 10]]]], [[[[7, 3, 13], [7, 7, 3]]]], [[[[7, 3, 13], [9, 14, 8]]]], [[[[7, 6, 13], [4, 4, 6]]]], [[[[7, 7, 13], [13, 14, 9]]]], [[[[7, 8, 13], [4, 11, 1]]]], [[[[7, 8, 14], [13, 3, 6]]]], [[[[7, 7, 15], [7, 12, 8]]]], [[[[7, 5, 15], [14, 10, 3]]]], [[[[8, 7, 15], [6, 6, 12]]]], [[[[8, 7, 15], [2, 11, 12]]]]]}, "max_features": {"dims": ["iter", "suggestion", "function", "optimizer", "study_id"], "attrs": {}, "data": [[[[[0.6653436957446142, 0.020355512216878504, 0.5532284603438593], [0.8670217615980278, 0.987390358649166, 0.9869636131566745]]]], [[[[0.9608254196931081, 0.016562222971068845, 0.8327935994671462], [0.13319437134497922, 0.3341523515509637, 0.9758947675443145]]]], [[[[0.9635324976834404, 0.03004156390413683, 0.8266923319221924], [0.020955838515848226, 0.7294672253197623, 0.7734631512545656]]]], [[[[0.9590085616175533, 0.8974001033509109, 0.8192766863904987], [0.44810654406623773, 0.18317969254350802, 0.014964517768238901]]]], [[[[0.9704605591211464, 0.8932097609574116, 0.8161610754835755], [0.7434007119007476, 0.07791992774237681, 0.8229748049232415]]]], [[[[0.965895180434214, 0.9535204162189898, 0.8432682351193278], [0.9721184314857846, 0.7240489884524252, 0.9187551185216267]]]], [[[[0.9554549207259843, 0.99, 0.7900175461512456], [0.2941449067401722, 0.8441036823983519, 0.9776169115881816]]]], [[[[0.9524453174339552, 0.99, 0.7935004185811646], [0.4219095096746207, 0.1717202324981465, 0.8802783467884403]]]], [[[[0.9616984001124929, 0.99, 0.7329076230229805], [0.6102129588356471, 0.9353746920353724, 0.7775645761814188]]]], [[[[0.9578381738219438, 0.99, 0.8380926733684753], [0.5950701948699058, 0.989318626005462, 0.4497058500137382]]]], [[[[0.97225691054925, 0.99, 0.8104285695003226], [0.4901238712356415, 0.763716196291604, 0.9598686578465514]]]], [[[[0.9836627389752127, 0.99, 0.9606200395941636], [0.09471516849472914, 0.022621385611057747, 0.0606033942484505]]]], [[[[0.9895429896676847, 0.99, 0.99], [0.6414663805328253, 0.011319103111281979, 0.9578204821768446]]]], [[[[0.9899705777559046, 0.99, 0.4344597136322378], [0.9893176486852864, 0.7381297690547967, 0.9188786674170554]]]], [[[[0.9884940389715023, 0.9373675100777471, 0.9382507107503374], [0.049268456909255465, 0.9791655041080977, 0.8072442160597281]]]]]}, "min_impurity_decrease": {"dims": ["iter", "suggestion", "function", "optimizer", "study_id"], "attrs": {},