{"meta": {"args": {"-db-root": "/home/nd396/bbo_challenge_starter_kit/example_submissions/bo_ei/notebooks", "--opt-root": "/home/nd396/bbo_challenge_starter_kit/example_submissions/bo_ei", "--db": "bo_example_folder", "--jobs-file": null, "--ravel": false, "--verbose": false, "dry_run": false, "rev": "6434ac2", "opt_rev": null}, "signature": {"SVM_iris_acc": [-0.9416666666666668, -0.925, -0.9333333333333332, -0.9166666666666666, -0.95], "SVM_iris_nll": [0.18340364004896872, 0.19916576061820557, 0.18889086350719977, 0.2178619729974876, 0.16704970527526128], "SVM_diabetes_mae": [66.7030794042494, 66.71801256647014, 66.71209752277093, 66.72148253522825, 66.67771016915479], "SVM_wine_nll": [0.6580876899995837, 0.6834310605148202, 0.6595640034955849, 0.652998300988326, 0.6506838291358579], "SVM_wine_acc": [-0.7679802955665025, -0.7960591133004926, -0.7682266009852217, -0.7751231527093596, -0.7751231527093596], "SVM_diabetes_mse": [6311.133617630824, 6314.320562477834, 6313.0579470692, 6315.061315242339, 6305.723564805577], "DT_digits_acc": [-0.10716705381339528, -0.10716705381339528, -0.2693524970963995, -0.10716705381339528, -0.10716705381339528], "SVM_digits_nll": [0.08561350849410329, 0.09235525607538202, 0.08450569740366588, 0.08427289339816398, 0.08366304387103633], "SVM_digits_acc": [-0.9916473093302361, -0.9909552845528455, -0.9909528648857917, -0.9909504452187379, -0.9909528648857917], "DT_iris_nll": [0.4658269806206562, 1.096762342475508, 0.7271854969550956, 1.096762342475508, 0.5957165800853185], "DT_breast_nll": [0.34830753912871476, 0.6549205599224966, 0.3501583314770514, 0.6549205599224966, 0.3330173877345615], "DT_diabetes_mse": [4092.0038458213194, 4578.169057222841, 4450.2614150394975, 4270.674479667032, 4450.536277255496], "DT_iris_acc": [-0.6916666666666667, -0.36666666666666664, -0.9416666666666667, -0.36666666666666664, -0.6916666666666667], "DT_diabetes_mae": [52.256054629772926, 55.628571305668075, 54.51737126176194, 52.86719816807454, 55.451217952362754], "DT_wine_nll": [1.0920077176895173, 1.0920077176895173, 0.6312139825872078, 1.0920077176895173, 0.7662455199674583], "SVM_boston_mae": [3.738860805794821, 3.6309566962885995, 3.7771852702322706, 3.7296701089732, 3.823955841766589], "DT_breast_acc": [-0.8923076923076924, -0.6373626373626373, -0.8923076923076924, -0.6373626373626373, -0.887912087912088], "DT_digits_nll": [2.3016949627431273, 2.3016949627431273, 1.871363997026807, 2.3016949627431273, 2.3016949627431273], "SVM_boston_mse": [30.499793984130996, 29.99078616969417, 31.939414153269503, 32.47305167430328, 30.41843038142099], "DT_boston_mae": [4.106061204632782, 5.524979115751392, 4.652112690008266, 4.577256847862574, 5.310081822443859], "SVM_breast_nll": [0.2928564363167953, 0.24597918585273418, 0.2805601001917279, 0.27458729051584896, 0.27919448321118334], "SVM_breast_acc": [-0.9274725274725275, -0.9362637362637363, -0.9230769230769231, -0.9362637362637363, -0.9186813186813187], "DT_boston_mse": [31.77138521148994, 52.883280178104336, 39.88203868065034, 40.96483251284063, 46.26804168121184], "DT_wine_acc": [-0.38743842364532016, -0.38743842364532016, -0.8741379310344829, -0.38743842364532016, -0.6268472906403941]}},
"data": {"coords": {"iter": {"dims": ["iter"], "attrs": {}, "data": [0, 1, 2, 3, 4, 5, 6, 7, 8, 9, 10, 11, 12, 13, 14]}, "suggestion": {"dims": ["suggestion"], "attrs": {}, "data": [0]}, "function": {"dims": ["function"], "attrs": {}, "data": ["DT_boston_mse"]}, "optimizer": {"dims": ["optimizer"], "attrs": {}, "data": ["GpyOpt_x.x.x_6434ac2", "RandomSearch_0.0.6_6434ac2"]}, "study_id": {"dims": ["study_id"], "attrs": {}, "data": [0, 1, 2]}}, "attrs": {}, "dims": {"function": 1, "iter": 15, "optimizer": 2, "study_id": 3, "suggestion": 1}, "data_vars": {"max_depth": {"dims": ["iter", "suggestion", "function", "optimizer", "study_id"], "attrs": {}, "data": [[[[[6, 8, 6], [10, 14, 13]]]], [[[[15, 9, 11], [2, 9, 5]]]], [[[[6, 8, 6], [12, 13, 8]]]], [[[[5, 8, 3], [11, 13, 10]]]], [[[[15, 8, 7], [7, 13, 7]]]], [[[[15, 8, 5], [9, 4, 6]]]], [[[[15, 4, 5], [8, 11, 1]]]], [[[[15, 4, 6], [8, 6, 3]]]], [[[[6, 4, 7], [14, 13, 5]]]], [[[[6, 4, 7], [14, 15, 12]]]], [[[[6, 3, 6], [10, 8, 10]]]], [[[[6, 3, 7], [15, 13, 9]]]], [[[[6, 2, 10], [11, 12, 5]]]], [[[[6, 3, 15], [12, 13, 10]]]], [[[[6, 3, 15], [9, 11, 12]]]]]}, "max_features": {"dims": ["iter", "suggestion", "function", "optimizer", "study_id"], "attrs": {}, "data": [[[[[0.04610354621718684, 0.02709613260703223, 0.6458052031276569], [0.8513646910361756, 0.08197327955775237, 0.1393581150563541]]]], [[[[0.7916906928717006, 0.9818625134633633, 0.8280241406167694], [0.06394768209481663, 0.8585571275929774, 0.4038129998554605]]]], [[[[0.5093871665724559, 0.02460249185944198, 0.8791255576201584], [0.011999098663810513, 0.18751771661117295, 0.30117992926514914]]]], [[[[0.030295275569909786, 0.020658407040902924, 0.010008185926942088], [0.9825624608979019, 0.4015426432829897, 0.6908600195022591]]]], [[[[0.7723928855737899, 0.025643094545717622, 0.6673885689282586], [0.8845143262388119, 0.9251808682030214, 0.6069192939631495]]]], [[[[0.6562741177797593, 0.024879949334181646, 0.6567673489618748], [0.13293611442303088, 0.9895457555133562, 0.0456009657520734]]]], [[[[0.8065473129701165, 0.8075122579082791, 0.5095996567242812], [0.07456128464174859, 0.9790084904317378, 0.9433863225074615]]]], [[[[0.6374466633545738, 0.806274298609791, 0.6503197207273852], [0.0669296520507394, 0.965464667073248, 0.9295308072102086]]]], [[[[0.8206660446281056, 0.8079608686127121, 0.7473744244018925], [0.8348868861418864, 0.04481673935105256, 0.8500433514496254]]]], [[[[0.905255889739353, 0.8051765410443542, 0.5816330943278852], [0.8470930032399956, 0.37356184359878497, 0.4766216105511383]]]], [[[[0.7988919470420512, 0.8148211441260671, 0.9454743986329346], [0.3186270229641935, 0.8921375433960784, 0.12318813228353122]]]], [[[[0.8486558525726328, 0.8584566288117959, 0.5526259306238176], [0.38427175265622326, 0.05528728420006515, 0.33045350327703216]]]], [[[[0.816050395197521, 0.9069046927423536, 0.9400878193964858], [0.781437493622152, 0.07846221443130726, 0.9694340893166139]]]], [[[[0.8546450634236297, 0.8238990219317588, 0.99], [0.9576931749669063, 0.01090705848051561, 0.6950890780992338]]]], [[[[0.9103140590249758, 0.7692536410011012, 0.39115711843333795], [0.9496345739354083, 0.976080911706592, 0.9791843573427661]]]]]}, "min_impurity_decrease": {"dims": ["iter", "suggestion", "function", "optimizer", "study_id"], "attrs": {},