{"meta": {"args": {"-db-root": "/home/nd396/bbo_challenge_starter_kit/example_submissions/bo_ei/notebooks", "--opt-root": "/home/nd396/bbo_challenge_starter_kit/example_submissions/bo_ei", "--db": "bo_example_folder", "--jobs-file": null, "--ravel": false, "--verbose": false, "dry_run": false, "rev": "6434ac2", "opt_rev": null}, "signature": {"SVM_iris_acc": [-0.9416666666666668, -0.925, -0.9333333333333332, -0.9166666666666666, -0.95], "SVM_iris_nll": [0.18340364004896872, 0.19916576061820557, 0.18889086350719977, 0.2178619729974876, 0.16704970527526128], "SVM_diabetes_mae": [66.7030794042494, 66.71801256647014, 66.71209752277093, 66.72148253522825, 66.67771016915479], "SVM_wine_nll": [0.6580876899995837, 0.6834310605148202, 0.6595640034955849, 0.652998300988326, 0.6506838291358579], "SVM_wine_acc": [-0.7679802955665025, -0.7960591133004926, -0.7682266009852217, -0.7751231527093596, -0.7751231527093596], "SVM_diabetes_mse": [6311.133617630824, 6314.320562477834, 6313.0579470692, 6315.061315242339, 6305.723564805577], "DT_digits_acc": [-0.10716705381339528, -0.10716705381339528, -0.2693524970963995, -0.10716705381339528, -0.10716705381339528], "SVM_digits_nll": [0.08561350849410329, 0.09235525607538202, 0.08450569740366588, 0.08427289339816398, 0.08366304387103633], "SVM_digits_acc": [-0.9916473093302361, -0.9909552845528455, -0.9909528648857917, -0.9909504452187379, -0.9909528648857917], "DT_iris_nll": [0.4658269806206562, 1.096762342475508, 0.7271854969550956, 1.096762342475508, 0.5957165800853185], "DT_breast_nll": [0.34830753912871476, 0.6549205599224966, 0.3501583314770514, 0.6549205599224966, 0.3330173877345615], "DT_diabetes_mse": [4092.0038458213194, 4578.169057222841, 4450.2614150394975, 4270.674479667032, 4450.536277255496], "DT_iris_acc": [-0.6916666666666667, -0.36666666666666664, -0.9416666666666667, -0.36666666666666664, -0.6916666666666667], "DT_diabetes_mae": [52.256054629772926, 55.628571305668075, 54.51737126176194, 52.86719816807454, 55.451217952362754], "DT_wine_nll": [1.0920077176895173, 1.0920077176895173, 0.6312139825872078, 1.0920077176895173, 0.7662455199674583], "SVM_boston_mae": [3.738860805794821, 3.6309566962885995, 3.7771852702322706, 3.7296701089732, 3.823955841766589], "DT_breast_acc": [-0.8923076923076924, -0.6373626373626373, -0.8923076923076924, -0.6373626373626373, -0.887912087912088], "DT_digits_nll": [2.3016949627431273, 2.3016949627431273, 1.871363997026807, 2.3016949627431273, 2.3016949627431273], "SVM_boston_mse": [30.499793984130996, 29.99078616969417, 31.939414153269503, 32.47305167430328, 30.41843038142099], "DT_boston_mae": [4.106061204632782, 5.524979115751392, 4.652112690008266, 4.577256847862574, 5.310081822443859], "SVM_breast_nll": [0.2928564363167953, 0.24597918585273418, 0.2805601001917279, 0.27458729051584896, 0.27919448321118334], "SVM_breast_acc": [-0.9274725274725275, -0.9362637362637363, -0.9230769230769231, -0.9362637362637363, -0.9186813186813187], "DT_boston_mse": [31.77138521148994, 52.883280178104336, 39.88203868065034, 40.96483251284063, 46.26804168121184], "DT_wine_acc": [-0.38743842364532016, -0.38743842364532016, -0.8741379310344829, -0.38743842364532016, -0.6268472906403941]}},
"data": {"coords": {"iter": {"dims": ["iter"], "attrs": {}, "data": [0, 1, 2, 3, 4, 5, 6, 7, 8, 9, 10, 11, 12, 13, 14]}, "suggestion": {"dims": ["suggestion"], "attrs": {}, "data": [0]}, "function": {"dims": ["function"], "attrs": {}, "data": ["DT_digits_acc"]}, "optimizer": {"dims": ["optimizer"], "attrs": {}, "data": ["GpyOpt_x.x.x_6434ac2", "RandomSearch_0.0.6_6434ac2"]}, "study_id": {"dims": ["study_id"], "attrs": {}, "data": [0, 1, 2]}}, "attrs": {}, "dims": {"function": 1, "iter": 15, "optimizer": 2, "study_id": 3, "suggestion": 1}, "data_vars": {"max_depth": {"dims": ["iter", "suggestion", "function", "optimizer", "study_id"], "attrs": {}, "data": [[[[[8, 3, 4], [13, 5, 4]]]], [[[[6, 15, 2], [3, 1, 1]]]], [[[[14, 12, 10], [6, 9, 4]]]], [[[[12, 10, 1], [3, 4, 8]]]], [[[[6, 5, 9], [14, 5, 15]]]], [[[[5, 7, 8], [8, 11, 4]]]], [[[[5, 1, 12], [14, 5, 13]]]], [[[[4, 8, 1], [7, 12, 10]]]], [[[[1, 8, 8], [14, 7, 9]]]], [[[[1, 14, 9], [2, 3, 5]]]], [[[[3, 1, 15], [14, 14, 9]]]], [[[[5, 9, 15], [7, 10, 3]]]], [[[[1, 12, 15], [3, 1, 3]]]], [[[[1, 3, 15], [2, 6, 2]]]], [[[[4, 13, 15], [5, 9, 12]]]]]}, "max_features": {"dims": ["iter", "suggestion", "function", "optimizer", "study_id"], "attrs": {}, "data": [[[[[0.9805494014625429, 0.023592912491575375, 0.03893687780241246], [0.9875486947674792, 0.9464739083447575, 0.8568771403923874]]]], [[[[0.9408769346716117, 0.017629147277441, 0.561988168039742], [0.1829822571382216, 0.3150169458494712, 0.14435384011554123]]]], [[[[0.2033967456323636, 0.020064394952370525, 0.8952747290860746], [0.019161479488244305, 0.188917970904529, 0.8010497898234964]]]], [[[[0.05886429397920434, 0.43540784304977453, 0.9872502442521036], [0.6991497854230523, 0.2663017717704911, 0.6822981498470346]]]], [[[[0.5852992610618587, 0.8892040330979684, 0.18272942426761465], [0.9634407864336749, 0.8778962618595648, 0.013714822545277174]]]], [[[[0.35568746101099435, 0.7427522957844529, 0.8086673919114541], [0.32292498878817455, 0.9862542466468919, 0.9822111089511384]]]], [[[[0.34709615780892106, 0.08137276421064421, 0.3363470989260151], [0.055198862267293584, 0.028193025724039558, 0.9814253556516135]]]], [[[[0.6230413295597828, 0.9518212076364699, 0.9197318383458704], [0.022230075464848745, 0.9898793418416642, 0.7638663249846456]]]], [[[[0.9465352913167739, 0.017578045151937238, 0.3074662826470326], [0.6263153800673782, 0.018344910679234955, 0.9733291940606577]]]], [[[[0.6221598521305269, 0.9573712505387962, 0.03799284383165651], [0.98360334601806, 0.9878654180206707, 0.9021434645101759]]]], [[[[0.8682526877079134, 0.3785832409868461, 0.02263598898697768], [0.031463160396883266, 0.965613051286119, 0.01838318180568671]]]], [[[[0.46405933653470205, 0.04296539791183478, 0.912087797597456], [0.9601367476597301, 0.08552474266846587, 0.7811347910952878]]]], [[[[0.99, 0.44581726261632354, 0.9697613697441272], [0.8450173871362292, 0.982484335223503, 0.5366311310289223]]]], [[[[0.9888082352099056, 0.9775847784318932, 0.99], [0.4265566925954994, 0.22011797075312947, 0.9738891641426523]]]], [[[[0.9731955687583378, 0.33034046628345043, 0.99], [0.9834126460704179, 0.05246191206390178, 0.24150054031472187]]]]]}, "min_impurity_decrease": {"dims": ["iter", "suggestion", "function", "optimizer", "study_id"], "attrs": {},