{"meta": {"args": {"-db-root": "/home/nd396/bbo_challenge_starter_kit/example_submissions/bo_ei/notebooks", "--opt-root": "/home/nd396/bbo_challenge_starter_kit/example_submissions/bo_ei", "--db": "bo_example_folder", "--jobs-file": null, "--ravel": false, "--verbose": false, "dry_run": false, "rev": "6434ac2", "opt_rev": null}, "signature": {"SVM_iris_acc": [-0.9416666666666668, -0.925, -0.9333333333333332, -0.9166666666666666, -0.95], "SVM_iris_nll": [0.18340364004896872, 0.19916576061820557, 0.18889086350719977, 0.2178619729974876, 0.16704970527526128], "SVM_diabetes_mae": [66.7030794042494, 66.71801256647014, 66.71209752277093, 66.72148253522825, 66.67771016915479], "SVM_wine_nll": [0.6580876899995837, 0.6834310605148202, 0.6595640034955849, 0.652998300988326, 0.6506838291358579], "SVM_wine_acc": [-0.7679802955665025, -0.7960591133004926, -0.7682266009852217, -0.7751231527093596, -0.7751231527093596], "SVM_diabetes_mse": [6311.133617630824, 6314.320562477834, 6313.0579470692, 6315.061315242339, 6305.723564805577], "DT_digits_acc": [-0.10716705381339528, -0.10716705381339528, -0.2693524970963995, -0.10716705381339528, -0.10716705381339528], "SVM_digits_nll": [0.08561350849410329, 0.09235525607538202, 0.08450569740366588, 0.08427289339816398, 0.08366304387103633], "SVM_digits_acc": [-0.9916473093302361, -0.9909552845528455, -0.9909528648857917, -0.9909504452187379, -0.9909528648857917], "DT_iris_nll": [0.4658269806206562, 1.096762342475508, 0.7271854969550956, 1.096762342475508, 0.5957165800853185], "DT_breast_nll": [0.34830753912871476, 0.6549205599224966, 0.3501583314770514, 0.6549205599224966, 0.3330173877345615], "DT_diabetes_mse": [4092.0038458213194, 4578.169057222841, 4450.2614150394975, 4270.674479667032, 4450.536277255496], "DT_iris_acc": [-0.6916666666666667, -0.36666666666666664, -0.9416666666666667, -0.36666666666666664, -0.6916666666666667], "DT_diabetes_mae": [52.256054629772926, 55.628571305668075, 54.51737126176194, 52.86719816807454, 55.451217952362754], "DT_wine_nll": [1.0920077176895173, 1.0920077176895173, 0.6312139825872078, 1.0920077176895173, 0.7662455199674583], "SVM_boston_mae": [3.738860805794821, 3.6309566962885995, 3.7771852702322706, 3.7296701089732, 3.823955841766589], "DT_breast_acc": [-0.8923076923076924, -0.6373626373626373, -0.8923076923076924, -0.6373626373626373, -0.887912087912088], "DT_digits_nll": [2.3016949627431273, 2.3016949627431273, 1.871363997026807, 2.3016949627431273, 2.3016949627431273], "SVM_boston_mse": [30.499793984130996, 29.99078616969417, 31.939414153269503, 32.47305167430328, 30.41843038142099], "DT_boston_mae": [4.106061204632782, 5.524979115751392, 4.652112690008266, 4.577256847862574, 5.310081822443859], "SVM_breast_nll": [0.2928564363167953, 0.24597918585273418, 0.2805601001917279, 0.27458729051584896, 0.27919448321118334], "SVM_breast_acc": [-0.9274725274725275, -0.9362637362637363, -0.9230769230769231, -0.9362637362637363, -0.9186813186813187], "DT_boston_mse": [31.77138521148994, 52.883280178104336, 39.88203868065034, 40.96483251284063, 46.26804168121184], "DT_wine_acc": [-0.38743842364532016, -0.38743842364532016, -0.8741379310344829, -0.38743842364532016, -0.6268472906403941]}},
"data": {"coords": {"iter": {"dims": ["iter"], "attrs": {}, "data": [0, 1, 2, 3, 4, 5, 6, 7, 8, 9, 10, 11, 12, 13, 14]}, "suggestion": {"dims": ["suggestion"], "attrs": {}, "data": [0]}, "function": {"dims": ["function"], "attrs": {}, "data": ["DT_diabetes_mse"]}, "optimizer": {"dims": ["optimizer"], "attrs": {}, "data": ["GpyOpt_x.x.x_6434ac2", "RandomSearch_0.0.6_6434ac2"]}, "study_id": {"dims": ["study_id"], "attrs": {}, "data": [0, 1, 2]}}, "attrs": {}, "dims": {"function": 1, "iter": 15, "optimizer": 2, "study_id": 3, "suggestion": 1}, "data_vars": {"max_depth": {"dims": ["iter", "suggestion", "function", "optimizer", "study_id"], "attrs": {}, "data": [[[[[12, 13, 13], [9, 13, 1]]]], [[[[3, 13, 3], [1, 7, 6]]]], [[[[12, 12, 3], [3, 9, 13]]]], [[[[15, 13, 1], [9, 6, 2]]]], [[[[15, 12, 5], [14, 5, 7]]]], [[[[15, 10, 4], [4, 6, 14]]]], [[[[15, 14, 5], [6, 11, 5]]]], [[[[15, 15, 4], [4, 13, 2]]]], [[[[15, 14, 5], [9, 6, 8]]]], [[[[15, 13, 7], [5, 7, 8]]]], [[[[15, 14, 5], [5, 4, 5]]]], [[[[15, 14, 5], [15, 13, 3]]]], [[[[15, 15, 5], [12, 13, 8]]]], [[[[15, 14, 15], [14, 8, 14]]]], [[[[15, 14, 11], [2, 6, 11]]]]]}, "max_features": {"dims": ["iter", "suggestion", "function", "optimizer", "study_id"], "attrs": {}, "data": [[[[[0.9888010065726012, 0.020093366516632793, 0.09491929520616303], [0.9865934800875836, 0.7296507092931009, 0.09346674988038796]]]], [[[[0.177077694209798, 0.681429699669142, 0.9280813740512216], [0.13381419104247516, 0.12194494466724425, 0.022851339940412625]]]], [[[[0.989999985810285, 0.5008734559031448, 0.9620556054295583], [0.010208001318759756, 0.06025109434575974, 0.035078301240784655]]]], [[[[0.99, 0.7298182314100599, 0.8177580897046796], [0.18193525044353095, 0.8591900946126404, 0.9773472625329052]]]], [[[[0.7289174456417596, 0.8519702564882866, 0.913269154365992], [0.9846809444088321, 0.9246844978658746, 0.07930308524327027]]]], [[[[0.99, 0.8576267456113987, 0.6880293265090641], [0.27095336213414345, 0.9794852552059495, 0.8395026181813615]]]], [[[[0.99, 0.8680446337748899, 0.9603716496610946], [0.876253920585526, 0.022913115934936796, 0.9885787127205503]]]], [[[[0.99, 0.99, 0.9787644567682594], [0.15654617273127466, 0.059770239192993325, 0.05940692538062892]]]], [[[[0.99, 0.7786151543335513, 0.9534954703086908], [0.04601531720634126, 0.9767148031329961, 0.7632377151547203]]]], [[[[0.9899851306300124, 0.7486832279946644, 0.99], [0.9650034694684936, 0.6588690892368461, 0.8363941774400497]]]], [[[[0.99, 0.933725386665379, 0.99], [0.030077114675113134, 0.4249900264341325, 0.6799826708663218]]]], [[[[0.99, 0.9084431426225841, 0.99], [0.09142806584150627, 0.15187611442789536, 0.9063060331393925]]]], [[[[0.99, 0.8567723720095556, 0.9788012407149574], [0.01932323457984566, 0.4024890328026223, 0.4901593038910878]]]], [[[[0.99, 0.8587985538257178, 0.99], [0.6966744292734828, 0.5461814367401598, 0.3019058513745632]]]], [[[[0.99, 0.8948104922005771, 0.99], [0.82373506802317, 0.9551772488083659, 0.6142037873922785]]]]]}, "min_impurity_decrease": {"dims": ["iter", "suggestion", "function", "optimizer", "study_id"], "attrs": {}, "data": [[[[[0.10353984623397461, 0.2946894152716867, 0.40693982093698894], [0.005115844961143812, 0.026823913023082624, 0.08944415377545706]]]], [[[[0.28407004564289773, 0.2526971580071556, 0.3211844243473266], [0.3584031717012061, 0.37647269234950903, 0.03092025728535508]]]], [[[[0.1280415050151273, 0.04211152278709568, 0.006719828419379403], [0.03044437415555351, 0.27864742689736666, 0.4613523996438248]]]], [[[[0.0, 0.2217607575839851, 0.5], [0.2962276353564119, 0.48266815227719073, 0.07015209987284371]]]], [[[[0.0, 0.0, 0.5], [0.09252233266722937, 0.24718054096873077, 0.11718205845357971]]]], [[[[0.5, 0.0, 0.5], [0.4019511911187037, 0.20201313396479265, 0.2517563765548204]]]], [[[[0.5, 0.0, 0.5], [0.479364470118492, 0.2764563416146541, 0.46936949830966423]]]], [[[[0.0, 0.0, 0.5], [0.14401744993937782, 0.1247830751364356, 0.04527810212528355]]]], [[[[0.5, 0.0, 0.5], [0.4457792225951338, 0.13782800777350634, 0.41362527974852403]]]], [[[[0.0, 0.0, 0.5], [0.42435064641315423, 0.39419266452912977, 0.0003831131351670347]]]], [[[[0.15847423836621627, 0.04486419786660124, 0.0], [0.14569564688178543, 0.1233571288177186, 0.4614889359538844]]]], [[[[0.0, 0.0, 0.5], [0.40146096143139154, 0.19760609063835516, 0.07145054976717058]]]], [[[[0.5, 0.0, 0.0], [0.2660768837191665, 0.1418854609859163, 0.08408513888230157]]]], [[[[0.5, 0.0, 0.5], [0.3150500693412715, 0.42342004221185003, 0.05265682681290351]]]], [[[[0.5, 0.007941802937156349, 0.5], [0.3319818895540835, 0.24114954136612227, 0.16470273593389034]]]]]}, "min_samples_leaf": {"dims": ["iter", "suggestion", "function", "optimizer", "study_id"], "attrs": {},