{"meta": {"args": {"-db-root": "/home/nd396/bbo_challenge_starter_kit/example_submissions/bo_ei/notebooks", "--opt-root": "/home/nd396/bbo_challenge_starter_kit/example_submissions/bo_ei", "--db": "bo_example_folder", "--jobs-file": null, "--ravel": false, "--verbose": false, "dry_run": false, "rev": "6434ac2", "opt_rev": null}, "signature": {"SVM_iris_acc": [-0.9416666666666668, -0.925, -0.9333333333333332, -0.9166666666666666, -0.95], "SVM_iris_nll": [0.18340364004896872, 0.19916576061820557, 0.18889086350719977, 0.2178619729974876, 0.16704970527526128], "SVM_diabetes_mae": [66.7030794042494, 66.71801256647014, 66.71209752277093, 66.72148253522825, 66.67771016915479], "SVM_wine_nll": [0.6580876899995837, 0.6834310605148202, 0.6595640034955849, 0.652998300988326, 0.6506838291358579], "SVM_wine_acc": [-0.7679802955665025, -0.7960591133004926, -0.7682266009852217, -0.7751231527093596, -0.7751231527093596], "SVM_diabetes_mse": [6311.133617630824, 6314.320562477834, 6313.0579470692, 6315.061315242339, 6305.723564805577], "DT_digits_acc": [-0.10716705381339528, -0.10716705381339528, -0.2693524970963995, -0.10716705381339528, -0.10716705381339528], "SVM_digits_nll": [0.08561350849410329, 0.09235525607538202, 0.08450569740366588, 0.08427289339816398, 0.08366304387103633], "SVM_digits_acc": [-0.9916473093302361, -0.9909552845528455, -0.9909528648857917, -0.9909504452187379, -0.9909528648857917], "DT_iris_nll": [0.4658269806206562, 1.096762342475508, 0.7271854969550956, 1.096762342475508, 0.5957165800853185], "DT_breast_nll": [0.34830753912871476, 0.6549205599224966, 0.3501583314770514, 0.6549205599224966, 0.3330173877345615], "DT_diabetes_mse": [4092.0038458213194, 4578.169057222841, 4450.2614150394975, 4270.674479667032, 4450.536277255496], "DT_iris_acc": [-0.6916666666666667, -0.36666666666666664, -0.9416666666666667, -0.36666666666666664, -0.6916666666666667], "DT_diabetes_mae": [52.256054629772926, 55.628571305668075, 54.51737126176194, 52.86719816807454, 55.451217952362754], "DT_wine_nll": [1.0920077176895173, 1.0920077176895173, 0.6312139825872078, 1.0920077176895173, 0.7662455199674583], "SVM_boston_mae": [3.738860805794821, 3.6309566962885995, 3.7771852702322706, 3.7296701089732, 3.823955841766589], "DT_breast_acc": [-0.8923076923076924, -0.6373626373626373, -0.8923076923076924, -0.6373626373626373, -0.887912087912088], "DT_digits_nll": [2.3016949627431273, 2.3016949627431273, 1.871363997026807, 2.3016949627431273, 2.3016949627431273], "SVM_boston_mse": [30.499793984130996, 29.99078616969417, 31.939414153269503, 32.47305167430328, 30.41843038142099], "DT_boston_mae": [4.106061204632782, 5.524979115751392, 4.652112690008266, 4.577256847862574, 5.310081822443859], "SVM_breast_nll": [0.2928564363167953, 0.24597918585273418, 0.2805601001917279, 0.27458729051584896, 0.27919448321118334], "SVM_breast_acc": [-0.9274725274725275, -0.9362637362637363, -0.9230769230769231, -0.9362637362637363, -0.9186813186813187], "DT_boston_mse": [31.77138521148994, 52.883280178104336, 39.88203868065034, 40.96483251284063, 46.26804168121184], "DT_wine_acc": [-0.38743842364532016, -0.38743842364532016, -0.8741379310344829, -0.38743842364532016, -0.6268472906403941]}},
"data": {"coords": {"iter": {"dims": ["iter"], "attrs": {}, "data": [0, 1, 2, 3, 4, 5, 6, 7, 8, 9, 10, 11, 12, 13, 14]}, "suggestion": {"dims": ["suggestion"], "attrs": {}, "data": [0]}, "function": {"dims": ["function"], "attrs": {}, "data": ["DT_diabetes_mae"]}, "optimizer": {"dims": ["optimizer"], "attrs": {}, "data": ["GpyOpt_x.x.x_6434ac2", "RandomSearch_0.0.6_6434ac2"]}, "study_id": {"dims": ["study_id"], "attrs": {}, "data": [0, 1, 2]}}, "attrs": {}, "dims": {"function": 1, "iter": 15, "optimizer": 2, "study_id": 3, "suggestion": 1}, "data_vars": {"max_depth": {"dims": ["iter", "suggestion", "function", "optimizer", "study_id"], "attrs": {}, "data": [[[[[7, 9, 13], [6, 11, 5]]]], [[[[1, 3, 14], [13, 4, 5]]]], [[[[8, 9, 14], [5, 5, 9]]]], [[[[7, 3, 2], [6, 1, 15]]]], [[[[7, 3, 12], [8, 11, 11]]]], [[[[7, 3, 11], [9, 7, 10]]]], [[[[7, 3, 11], [4, 6, 12]]]], [[[[7, 2, 2], [4, 8, 8]]]], [[[[5, 1, 8], [12, 10, 2]]]], [[[[15, 4, 12], [3, 5, 8]]]], [[[[6, 2, 12], [13, 14, 12]]]], [[[[1, 2, 12], [3, 4, 4]]]], [[[[6, 4, 12], [4, 5, 5]]]], [[[[15, 5, 11], [14, 9, 11]]]], [[[[15, 5, 12], [14, 12, 4]]]]]}, "max_features": {"dims": ["iter", "suggestion", "function", "optimizer", "study_id"], "attrs": {}, "data": [[[[[0.05160800283065749, 0.3918022184729211, 0.4175301134053162], [0.9243102673689325, 0.9864143852294307, 0.03737266152704891]]]], [[[[0.16947612471008677, 0.013452224034341705, 0.5577410400026063], [0.9895361774841747, 0.015822897494498302, 0.8694022084387898]]]], [[[[0.7858511424969766, 0.4159474567368397, 0.5237573714416368], [0.9726961784672904, 0.015338903084062772, 0.8504825514328908]]]], [[[[0.897322823912174, 0.2691719046603304, 0.8919842592978826], [0.978612931988779, 0.02513304598856875, 0.7249058361238327]]]], [[[[0.9777618122955046, 0.2699715674215462, 0.3305495980253488], [0.6007774320447619, 0.9646024319399773, 0.3411384970376704]]]], [[[[0.6630675000241987, 0.2686133529696232, 0.9818611615396735], [0.16170439170686457, 0.5497580195362778, 0.9753716000606737]]]], [[[[0.99, 0.2704982902229947, 0.9878318678295503], [0.8654213681527709, 0.013676368457773404, 0.02263077373622023]]]], [[[[0.9191054971684232, 0.289531152900913, 0.2597536955518422], [0.4166757991311677, 0.9637883976186826, 0.980973914541252]]]], [[[[0.9030393598192281, 0.3344111698284736, 0.9872998175396707], [0.04499496438652013, 0.966512981353649, 0.049331430699136494]]]], [[[[0.9783726058598726, 0.2697446527163277, 0.9891252332422287], [0.9330840744479104, 0.17281999064423162, 0.6367329358706814]]]], [[[[0.9211759222329017, 0.22859088471005837, 0.989183319647064], [0.15324468902990948, 0.9874050590801996, 0.6658710026131467]]]], [[[[0.99, 0.24220145595286074, 0.9899970511756816], [0.9687076971166498, 0.9296998763847164, 0.9439182265257914]]]], [[[[0.8392670175442523, 0.30880056864730376, 0.99], [0.7620324448200219, 0.5847151125740868, 0.7225476445327869]]]], [[[[0.010000000000000002, 0.33594614138118384, 0.99], [0.04407387405354091, 0.1295550385562479, 0.020283215473195174]]]], [[[[0.99, 0.3716954093046881, 0.99], [0.4638749802335054, 0.13168575404615526, 0.9883495432284279]]]]]}, "min_impurity_decrease": {"dims": ["iter", "suggestion", "function", "optimizer", "study_id"], "attrs": {},