{"meta": {"args": {"-db-root": "/home/nd396/bbo_challenge_starter_kit/example_submissions/bo_ei/notebooks", "--opt-root": "/home/nd396/bbo_challenge_starter_kit/example_submissions/bo_ei", "--db": "bo_example_folder", "--jobs-file": null, "--ravel": false, "--verbose": false, "dry_run": false, "rev": "6434ac2", "opt_rev": null}, "signature": {"SVM_iris_acc": [-0.9416666666666668, -0.925, -0.9333333333333332, -0.9166666666666666, -0.95], "SVM_iris_nll": [0.18340364004896872, 0.19916576061820557, 0.18889086350719977, 0.2178619729974876, 0.16704970527526128], "SVM_diabetes_mae": [66.7030794042494, 66.71801256647014, 66.71209752277093, 66.72148253522825, 66.67771016915479], "SVM_wine_nll": [0.6580876899995837, 0.6834310605148202, 0.6595640034955849, 0.652998300988326, 0.6506838291358579], "SVM_wine_acc": [-0.7679802955665025, -0.7960591133004926, -0.7682266009852217, -0.7751231527093596, -0.7751231527093596], "SVM_diabetes_mse": [6311.133617630824, 6314.320562477834, 6313.0579470692, 6315.061315242339, 6305.723564805577], "DT_digits_acc": [-0.10716705381339528, -0.10716705381339528, -0.2693524970963995, -0.10716705381339528, -0.10716705381339528], "SVM_digits_nll": [0.08561350849410329, 0.09235525607538202, 0.08450569740366588, 0.08427289339816398, 0.08366304387103633], "SVM_digits_acc": [-0.9916473093302361, -0.9909552845528455, -0.9909528648857917, -0.9909504452187379, -0.9909528648857917], "DT_iris_nll": [0.4658269806206562, 1.096762342475508, 0.7271854969550956, 1.096762342475508, 0.5957165800853185], "DT_breast_nll": [0.34830753912871476, 0.6549205599224966, 0.3501583314770514, 0.6549205599224966, 0.3330173877345615], "DT_diabetes_mse": [4092.0038458213194, 4578.169057222841, 4450.2614150394975, 4270.674479667032, 4450.536277255496], "DT_iris_acc": [-0.6916666666666667, -0.36666666666666664, -0.9416666666666667, -0.36666666666666664, -0.6916666666666667], "DT_diabetes_mae": [52.256054629772926, 55.628571305668075, 54.51737126176194, 52.86719816807454, 55.451217952362754], "DT_wine_nll": [1.0920077176895173, 1.0920077176895173, 0.6312139825872078, 1.0920077176895173, 0.7662455199674583], "SVM_boston_mae": [3.738860805794821, 3.6309566962885995, 3.7771852702322706, 3.7296701089732, 3.823955841766589], "DT_breast_acc": [-0.8923076923076924, -0.6373626373626373, -0.8923076923076924, -0.6373626373626373, -0.887912087912088], "DT_digits_nll": [2.3016949627431273, 2.3016949627431273, 1.871363997026807, 2.3016949627431273, 2.3016949627431273], "SVM_boston_mse": [30.499793984130996, 29.99078616969417, 31.939414153269503, 32.47305167430328, 30.41843038142099], "DT_boston_mae": [4.106061204632782, 5.524979115751392, 4.652112690008266, 4.577256847862574, 5.310081822443859], "SVM_breast_nll": [0.2928564363167953, 0.24597918585273418, 0.2805601001917279, 0.27458729051584896, 0.27919448321118334], "SVM_breast_acc": [-0.9274725274725275, -0.9362637362637363, -0.9230769230769231, -0.9362637362637363, -0.9186813186813187], "DT_boston_mse": [31.77138521148994, 52.883280178104336, 39.88203868065034, 40.96483251284063, 46.26804168121184], "DT_wine_acc": [-0.38743842364532016, -0.38743842364532016, -0.8741379310344829, -0.38743842364532016, -0.6268472906403941]}},
"data": {"coords": {"iter": {"dims": ["iter"], "attrs": {}, "data": [0, 1, 2, 3, 4, 5, 6, 7, 8, 9, 10, 11, 12, 13, 14]}, "suggestion": {"dims": ["suggestion"], "attrs": {}, "data": [0]}, "function": {"dims": ["function"], "attrs": {}, "data": ["DT_digits_nll"]}, "optimizer": {"dims": ["optimizer"], "attrs": {}, "data": ["GpyOpt_x.x.x_6434ac2", "RandomSearch_0.0.6_6434ac2"]}, "study_id": {"dims": ["study_id"], "attrs": {}, "data": [0, 1, 2]}}, "attrs": {}, "dims": {"function": 1, "iter": 15, "optimizer": 2, "study_id": 3, "suggestion": 1}, "data_vars": {"max_depth": {"dims": ["iter", "suggestion", "function", "optimizer", "study_id"], "attrs": {}, "data": [[[[[12, 10, 10], [2, 9, 9]]]], [[[[5, 9, 9], [12, 12, 11]]]], [[[[12, 14, 2], [2, 2, 5]]]], [[[[12, 14, 10], [2, 7, 11]]]], [[[[12, 3, 9], [14, 10, 12]]]], [[[[12, 15, 9], [11, 14, 6]]]], [[[[12, 15, 10], [5, 3, 4]]]], [[[[13, 5, 10], [14, 14, 5]]]], [[[[11, 2, 10], [9, 7, 4]]]], [[[[12, 5, 10], [7, 10, 3]]]], [[[[14, 5, 11], [1, 3, 12]]]], [[[[12, 5, 10], [2, 2, 4]]]], [[[[11, 4, 10], [13, 10, 8]]]], [[[[12, 5, 10], [10, 14, 2]]]], [[[[12, 5, 11], [10, 11, 3]]]]]}, "max_features": {"dims": ["iter", "suggestion", "function", "optimizer", "study_id"], "attrs": {}, "data": [[[[[0.893368081257233, 0.4668984069551163, 0.6425493225238387], [0.42913309579601844, 0.984158464450895, 0.5876636975301697]]]], [[[[0.7896542817702248, 0.2348116943840188, 0.9814121660985307], [0.8882890324114179, 0.9863570473918701, 0.5955996970295431]]]], [[[[0.8902371814096659, 0.970993020691983, 0.5038793029705525], [0.03412139143620397, 0.9868391938390997, 0.7443746299495729]]]], [[[[0.8887999837947711, 0.02199921018932989, 0.7407041784947238], [0.05476913875477761, 0.7044908052967106, 0.06338939464995696]]]], [[[[0.9042071909550172, 0.981123327605639, 0.5410559467029142], [0.9684897805606688, 0.9824673667499778, 0.04351038623209091]]]], [[[[0.9301347170398556, 0.059566184954812904, 0.6503592015300088], [0.14027604962605933, 0.3919258011345873, 0.01777102196424879]]]], [[[[0.8920998027733884, 0.9897532807281305, 0.6447976585056111], [0.5683037077492542, 0.7096545038747785, 0.07265603054593205]]]], [[[[0.9088307997462071, 0.9453406424237178, 0.6500228060641189], [0.9003255825415275, 0.07852091352067916, 0.7781301621685747]]]], [[[[0.9607041419985703, 0.9045924430203426, 0.6352609700144816], [0.9615992129675042, 0.018786106167078247, 0.02225602649898614]]]], [[[[0.987892801278065, 0.6258137210057415, 0.5914848862790943], [0.9142756849602918, 0.6379944067895635, 0.8565068703300952]]]], [[[[0.99, 0.5894820742043078, 0.5810507337649958], [0.30494985008472425, 0.9668034264951126, 0.32349783558416606]]]], [[[[0.99, 0.5727796457312965, 0.6153444001708759], [0.9837911524994274, 0.8202811213626461, 0.38091138535909697]]]], [[[[0.99, 0.6085956098037723, 0.5774123236307347], [0.33427798186669544, 0.9887190385312074, 0.8905837777868046]]]], [[[[0.9878254725266821, 0.6070730500341814, 0.6238289572438624], [0.7972435545523032, 0.8023921352587213, 0.17679163953940197]]]], [[[[0.9839288779918745, 0.5492959041119942, 0.35178215685738173], [0.9507254508725737, 0.3756970202186969, 0.8673738193505138]]]]]}, "min_impurity_decrease": {"dims": ["iter", "suggestion", "function", "optimizer", "study_id"], "attrs": {},