{"meta": {"args": {"-db-root": "/home/nd396/bbo_challenge_starter_kit/example_submissions/bo_ei/notebooks", "--opt-root": "/home/nd396/bbo_challenge_starter_kit/example_submissions/bo_ei", "--db": "bo_example_folder", "--jobs-file": null, "--ravel": false, "--verbose": false, "dry_run": false, "rev": "6434ac2", "opt_rev": null}, "signature": {"SVM_iris_acc": [-0.9416666666666668, -0.925, -0.9333333333333332, -0.9166666666666666, -0.95], "SVM_iris_nll": [0.18340364004896872, 0.19916576061820557, 0.18889086350719977, 0.2178619729974876, 0.16704970527526128], "SVM_diabetes_mae": [66.7030794042494, 66.71801256647014, 66.71209752277093, 66.72148253522825, 66.67771016915479], "SVM_wine_nll": [0.6580876899995837, 0.6834310605148202, 0.6595640034955849, 0.652998300988326, 0.6506838291358579], "SVM_wine_acc": [-0.7679802955665025, -0.7960591133004926, -0.7682266009852217, -0.7751231527093596, -0.7751231527093596], "SVM_diabetes_mse": [6311.133617630824, 6314.320562477834, 6313.0579470692, 6315.061315242339, 6305.723564805577], "DT_digits_acc": [-0.10716705381339528, -0.10716705381339528, -0.2693524970963995, -0.10716705381339528, -0.10716705381339528], "SVM_digits_nll": [0.08561350849410329, 0.09235525607538202, 0.08450569740366588, 0.08427289339816398, 0.08366304387103633], "SVM_digits_acc": [-0.9916473093302361, -0.9909552845528455, -0.9909528648857917, -0.9909504452187379, -0.9909528648857917], "DT_iris_nll": [0.4658269806206562, 1.096762342475508, 0.7271854969550956, 1.096762342475508, 0.5957165800853185], "DT_breast_nll": [0.34830753912871476, 0.6549205599224966, 0.3501583314770514, 0.6549205599224966, 0.3330173877345615], "DT_diabetes_mse": [4092.0038458213194, 4578.169057222841, 4450.2614150394975, 4270.674479667032, 4450.536277255496], "DT_iris_acc": [-0.6916666666666667, -0.36666666666666664, -0.9416666666666667, -0.36666666666666664, -0.6916666666666667], "DT_diabetes_mae": [52.256054629772926, 55.628571305668075, 54.51737126176194, 52.86719816807454, 55.451217952362754], "DT_wine_nll": [1.0920077176895173, 1.0920077176895173, 0.6312139825872078, 1.0920077176895173, 0.7662455199674583], "SVM_boston_mae": [3.738860805794821, 3.6309566962885995, 3.7771852702322706, 3.7296701089732, 3.823955841766589], "DT_breast_acc": [-0.8923076923076924, -0.6373626373626373, -0.8923076923076924, -0.6373626373626373, -0.887912087912088], "DT_digits_nll": [2.3016949627431273, 2.3016949627431273, 1.871363997026807, 2.3016949627431273, 2.3016949627431273], "SVM_boston_mse": [30.499793984130996, 29.99078616969417, 31.939414153269503, 32.47305167430328, 30.41843038142099], "DT_boston_mae": [4.106061204632782, 5.524979115751392, 4.652112690008266, 4.577256847862574, 5.310081822443859], "SVM_breast_nll": [0.2928564363167953, 0.24597918585273418, 0.2805601001917279, 0.27458729051584896, 0.27919448321118334], "SVM_breast_acc": [-0.9274725274725275, -0.9362637362637363, -0.9230769230769231, -0.9362637362637363, -0.9186813186813187], "DT_boston_mse": [31.77138521148994, 52.883280178104336, 39.88203868065034, 40.96483251284063, 46.26804168121184], "DT_wine_acc": [-0.38743842364532016, -0.38743842364532016, -0.8741379310344829, -0.38743842364532016, -0.6268472906403941]}},
"data": {"coords": {"iter": {"dims": ["iter"], "attrs": {}, "data": [0, 1, 2, 3, 4, 5, 6, 7, 8, 9, 10, 11, 12, 13, 14]}, "suggestion": {"dims": ["suggestion"], "attrs": {}, "data": [0]}, "function": {"dims": ["function"], "attrs": {}, "data": ["DT_iris_nll"]}, "optimizer": {"dims": ["optimizer"], "attrs": {}, "data": ["GpyOpt_x.x.x_6434ac2", "RandomSearch_0.0.6_6434ac2"]}, "study_id": {"dims": ["study_id"], "attrs": {}, "data": [0, 1, 2]}}, "attrs": {}, "dims": {"function": 1, "iter": 15, "optimizer": 2, "study_id": 3, "suggestion": 1}, "data_vars": {"max_depth": {"dims": ["iter", "suggestion", "function", "optimizer", "study_id"], "attrs": {}, "data": [[[[[8, 5, 10], [7, 8, 5]]]], [[[[14, 14, 14], [8, 12, 14]]]], [[[[14, 14, 14], [13, 6, 13]]]], [[[[5, 15, 14], [3, 5, 9]]]], [[[[14, 15, 15], [11, 12, 6]]]], [[[[9, 15, 10], [12, 12, 4]]]], [[[[9, 14, 3], [10, 11, 2]]]], [[[[15, 13, 14], [6, 13, 5]]]], [[[[2, 15, 5], [6, 14, 6]]]], [[[[10, 14, 10], [13, 12, 3]]]], [[[[13, 14, 8], [10, 8, 3]]]], [[[[4, 15, 12], [2, 8, 10]]]], [[[[8, 14, 15], [6, 3, 3]]]], [[[[8, 14, 15], [3, 3, 10]]]], [[[[5, 15, 10], [8, 3, 15]]]]]}, "max_features": {"dims": ["iter", "suggestion", "function", "optimizer", "study_id"], "attrs": {}, "data": [[[[[0.1872602373167882, 0.41648853665312197, 0.3829800660197539], [0.95222310467996, 0.8925393014229794, 0.4617575532460335]]]], [[[[0.06993546225271186, 0.9816904370757259, 0.028116587003594994], [0.5090467540382955, 0.31642960310542095, 0.5005919063933009]]]], [[[[0.07098312064443973, 0.9774273495416735, 0.026746478563662867], [0.9288307660304225, 0.3045626002671836, 0.03686723200853374]]]], [[[[0.4173438135304883, 0.99, 0.01184383865157375], [0.08213756108286904, 0.19417621397956586, 0.8582946400406157]]]], [[[[0.029842749043290942, 0.99, 0.01012334299538722], [0.13366353084298754, 0.9842663496360218, 0.776849902685855]]]], [[[[0.9305090976717791, 0.9439821418490355, 0.9464971747503628], [0.030403233842007105, 0.07979076662516635, 0.9280314640926811]]]], [[[[0.44954721878240717, 0.9855918866300036, 0.45591246916268735], [0.6307912433004615, 0.9752174709285082, 0.05080700672313459]]]], [[[[0.2899965914779195, 0.983561565840651, 0.025075565270558518], [0.7804803649774913, 0.02108810152369447, 0.9876775492369646]]]], [[[[0.09533579054670654, 0.9820914900819511, 0.01565408736586563], [0.46361504396117836, 0.855927364784525, 0.010050319453619993]]]], [[[[0.05529569645383703, 0.9813428652438019, 0.960473218224571], [0.957608671087158, 0.010047032770177737, 0.09762623295801505]]]], [[[[0.9648721059842671, 0.9854828012179176, 0.3964434554106191], [0.2639033786122225, 0.9629229859089048, 0.029120695435334402]]]], [[[[0.8086814625790268, 0.9835585815364599, 0.10921435099816759], [0.9710195198007484, 0.39443267247420066, 0.4319677806392341]]]], [[[[0.939495433219661, 0.984679446675868, 0.012079896657904354], [0.11076585726084694, 0.9682072868958115, 0.08623479913496997]]]], [[[[0.9314797305719401, 0.9827991549543327, 0.010618735100127466], [0.7094644559955375, 0.11749702511763703, 0.026406571203618813]]]], [[[[0.0882159486992082, 0.9822372713872446, 0.9718978489834287], [0.02082038008545655, 0.01016604763684425, 0.9874433634702587]]]]]}, "min_impurity_decrease": {"dims": ["iter", "suggestion", "function", "optimizer", "study_id"], "attrs": {},