{"meta": {"args": {"-db-root": "/home/nd396/bbo_challenge_starter_kit/example_submissions/bo_ei/notebooks", "--opt-root": "/home/nd396/bbo_challenge_starter_kit/example_submissions/bo_ei", "--db": "bo_example_folder", "--jobs-file": null, "--ravel": false, "--verbose": false, "dry_run": false, "rev": "6434ac2", "opt_rev": null}, "signature": {"SVM_iris_acc": [-0.9416666666666668, -0.925, -0.9333333333333332, -0.9166666666666666, -0.95], "SVM_iris_nll": [0.18340364004896872, 0.19916576061820557, 0.18889086350719977, 0.2178619729974876, 0.16704970527526128], "SVM_diabetes_mae": [66.7030794042494, 66.71801256647014, 66.71209752277093, 66.72148253522825, 66.67771016915479], "SVM_wine_nll": [0.6580876899995837, 0.6834310605148202, 0.6595640034955849, 0.652998300988326, 0.6506838291358579], "SVM_wine_acc": [-0.7679802955665025, -0.7960591133004926, -0.7682266009852217, -0.7751231527093596, -0.7751231527093596], "SVM_diabetes_mse": [6311.133617630824, 6314.320562477834, 6313.0579470692, 6315.061315242339, 6305.723564805577], "DT_digits_acc": [-0.10716705381339528, -0.10716705381339528, -0.2693524970963995, -0.10716705381339528, -0.10716705381339528], "SVM_digits_nll": [0.08561350849410329, 0.09235525607538202, 0.08450569740366588, 0.08427289339816398, 0.08366304387103633], "SVM_digits_acc": [-0.9916473093302361, -0.9909552845528455, -0.9909528648857917, -0.9909504452187379, -0.9909528648857917], "DT_iris_nll": [0.4658269806206562, 1.096762342475508, 0.7271854969550956, 1.096762342475508, 0.5957165800853185], "DT_breast_nll": [0.34830753912871476, 0.6549205599224966, 0.3501583314770514, 0.6549205599224966, 0.3330173877345615], "DT_diabetes_mse": [4092.0038458213194, 4578.169057222841, 4450.2614150394975, 4270.674479667032, 4450.536277255496], "DT_iris_acc": [-0.6916666666666667, -0.36666666666666664, -0.9416666666666667, -0.36666666666666664, -0.6916666666666667], "DT_diabetes_mae": [52.256054629772926, 55.628571305668075, 54.51737126176194, 52.86719816807454, 55.451217952362754], "DT_wine_nll": [1.0920077176895173, 1.0920077176895173, 0.6312139825872078, 1.0920077176895173, 0.7662455199674583], "SVM_boston_mae": [3.738860805794821, 3.6309566962885995, 3.7771852702322706, 3.7296701089732, 3.823955841766589], "DT_breast_acc": [-0.8923076923076924, -0.6373626373626373, -0.8923076923076924, -0.6373626373626373, -0.887912087912088], "DT_digits_nll": [2.3016949627431273, 2.3016949627431273, 1.871363997026807, 2.3016949627431273, 2.3016949627431273], "SVM_boston_mse": [30.499793984130996, 29.99078616969417, 31.939414153269503, 32.47305167430328, 30.41843038142099], "DT_boston_mae": [4.106061204632782, 5.524979115751392, 4.652112690008266, 4.577256847862574, 5.310081822443859], "SVM_breast_nll": [0.2928564363167953, 0.24597918585273418, 0.2805601001917279, 0.27458729051584896, 0.27919448321118334], "SVM_breast_acc": [-0.9274725274725275, -0.9362637362637363, -0.9230769230769231, -0.9362637362637363, -0.9186813186813187], "DT_boston_mse": [31.77138521148994, 52.883280178104336, 39.88203868065034, 40.96483251284063, 46.26804168121184], "DT_wine_acc": [-0.38743842364532016, -0.38743842364532016, -0.8741379310344829, -0.38743842364532016, -0.6268472906403941]}},
"data": {"coords": {"iter": {"dims": ["iter"], "attrs": {}, "data": [0, 1, 2, 3, 4, 5, 6, 7, 8, 9, 10, 11, 12, 13, 14]}, "suggestion": {"dims": ["suggestion"], "attrs": {}, "data": [0]}, "function": {"dims": ["function"], "attrs": {}, "data": ["DT_iris_acc"]}, "optimizer": {"dims": ["optimizer"], "attrs": {}, "data": ["GpyOpt_x.x.x_6434ac2", "RandomSearch_0.0.6_6434ac2"]}, "study_id": {"dims": ["study_id"], "attrs": {}, "data": [0, 1, 2]}}, "attrs": {}, "dims": {"function": 1, "iter": 15, "optimizer": 2, "study_id": 3, "suggestion": 1}, "data_vars": {"max_depth": {"dims": ["iter", "suggestion", "function", "optimizer", "study_id"], "attrs": {}, "data": [[[[[6, 5, 10], [15, 15, 9]]]], [[[[9, 5, 14], [8, 8, 10]]]], [[[[9, 4, 3], [12, 14, 10]]]], [[[[10, 4, 10], [8, 5, 8]]]], [[[[11, 5, 11], [4, 14, 7]]]], [[[[10, 2, 14], [13, 11, 12]]]], [[[[11, 4, 10], [2, 5, 8]]]], [[[[12, 4, 10], [9, 10, 8]]]], [[[[12, 6, 10], [4, 14, 6]]]], [[[[10, 2, 10], [13, 4, 9]]]], [[[[10, 3, 10], [6, 10, 3]]]], [[[[11, 2, 10], [10, 3, 5]]]], [[[[11, 4, 10], [11, 11, 14]]]], [[[[11, 4, 10], [5, 11, 5]]]], [[[[10, 2, 9], [5, 5, 2]]]]]}, "max_features": {"dims": ["iter", "suggestion", "function", "optimizer", "study_id"], "attrs": {}, "data": [[[[[0.9875092009840459, 0.9040166886697819, 0.7271811205310221], [0.8679990163891101, 0.9899005495947051, 0.9788997046880655]]]], [[[[0.20424804640599822, 0.9865618121945787, 0.2559753770182914], [0.05052446558280899, 0.04379179039952226, 0.029901676567611217]]]], [[[[0.24027490711160374, 0.9633524165718944, 0.7779208635609185], [0.02876263923968482, 0.6717333773076868, 0.9528635803157662]]]], [[[[0.5297631231251251, 0.9818689372006245, 0.7649221825932165], [0.017968049323539688, 0.4964394178172813, 0.23021630690459116]]]], [[[[0.6805423338884525, 0.9241515624444891, 0.06888936976803835], [0.03486017637193168, 0.5292309181438404, 0.8738946327228851]]]], [[[[0.5229025250475314, 0.8949895218311726, 0.03591381074764549], [0.9675096731629781, 0.9237668239709417, 0.9821562385542641]]]], [[[[0.660920233379655, 0.9687728880706156, 0.6950081112794402], [0.8953126306300414, 0.03502156967283946, 0.7177744047823339]]]], [[[[0.2548599490497744, 0.9691048941500351, 0.7049474730561265], [0.06408211798837601, 0.7474672380627875, 0.4807595432790024]]]], [[[[0.9107384384554336, 0.99, 0.6610240857621551], [0.7688125326782357, 0.13603436001981778, 0.9597367986465453]]]], [[[[0.6409438501994698, 0.99, 0.6259822002225708], [0.026667669695827213, 0.06177865049569502, 0.09324724361875318]]]], [[[[0.5635419132751874, 0.9365157332682427, 0.6931045851848094], [0.9886660582017364, 0.04477539136998811, 0.7611253663622384]]]], [[[[0.5914106694762817, 0.961737243461564, 0.6802325537935137], [0.9373859980647863, 0.8930907399521674, 0.3166249483001527]]]], [[[[0.5932960808918618, 0.9441652694339612, 0.6724087924177555], [0.4741102768849768, 0.7420869101333686, 0.031362084228374484]]]], [[[[0.7429656249795623, 0.9848572770212459, 0.5605381661419274], [0.06452316136871808, 0.3435451248687285, 0.7642267327984038]]]], [[[[0.5213108092764381, 0.9724289511376905, 0.6350701777131547], [0.015359163368231094, 0.9704518051546841, 0.17582135706051896]]]]]}, "min_impurity_decrease": {"dims": ["iter", "suggestion", "function", "optimizer", "study_id"], "attrs": {},