{"meta": {"args": {"-db-root": "/home/nd396/bbo_challenge_starter_kit/example_submissions/bo_ei/notebooks", "--opt-root": "/home/nd396/bbo_challenge_starter_kit/example_submissions/bo_ei", "--db": "bo_example_folder", "--jobs-file": null, "--ravel": false, "--verbose": false, "dry_run": false, "rev": "6434ac2", "opt_rev": null}, "signature": {"SVM_iris_acc": [-0.9416666666666668, -0.925, -0.9333333333333332, -0.9166666666666666, -0.95], "SVM_iris_nll": [0.18340364004896872, 0.19916576061820557, 0.18889086350719977, 0.2178619729974876, 0.16704970527526128], "SVM_diabetes_mae": [66.7030794042494, 66.71801256647014, 66.71209752277093, 66.72148253522825, 66.67771016915479], "SVM_wine_nll": [0.6580876899995837, 0.6834310605148202, 0.6595640034955849, 0.652998300988326, 0.6506838291358579], "SVM_wine_acc": [-0.7679802955665025, -0.7960591133004926, -0.7682266009852217, -0.7751231527093596, -0.7751231527093596], "SVM_diabetes_mse": [6311.133617630824, 6314.320562477834, 6313.0579470692, 6315.061315242339, 6305.723564805577], "DT_digits_acc": [-0.10716705381339528, -0.10716705381339528, -0.2693524970963995, -0.10716705381339528, -0.10716705381339528], "SVM_digits_nll": [0.08561350849410329, 0.09235525607538202, 0.08450569740366588, 0.08427289339816398, 0.08366304387103633], "SVM_digits_acc": [-0.9916473093302361, -0.9909552845528455, -0.9909528648857917, -0.9909504452187379, -0.9909528648857917], "DT_iris_nll": [0.4658269806206562, 1.096762342475508, 0.7271854969550956, 1.096762342475508, 0.5957165800853185], "DT_breast_nll": [0.34830753912871476, 0.6549205599224966, 0.3501583314770514, 0.6549205599224966, 0.3330173877345615], "DT_diabetes_mse": [4092.0038458213194, 4578.169057222841, 4450.2614150394975, 4270.674479667032, 4450.536277255496], "DT_iris_acc": [-0.6916666666666667, -0.36666666666666664, -0.9416666666666667, -0.36666666666666664, -0.6916666666666667], "DT_diabetes_mae": [52.256054629772926, 55.628571305668075, 54.51737126176194, 52.86719816807454, 55.451217952362754], "DT_wine_nll": [1.0920077176895173, 1.0920077176895173, 0.6312139825872078, 1.0920077176895173, 0.7662455199674583], "SVM_boston_mae": [3.738860805794821, 3.6309566962885995, 3.7771852702322706, 3.7296701089732, 3.823955841766589], "DT_breast_acc": [-0.8923076923076924, -0.6373626373626373, -0.8923076923076924, -0.6373626373626373, -0.887912087912088], "DT_digits_nll": [2.3016949627431273, 2.3016949627431273, 1.871363997026807, 2.3016949627431273, 2.3016949627431273], "SVM_boston_mse": [30.499793984130996, 29.99078616969417, 31.939414153269503, 32.47305167430328, 30.41843038142099], "DT_boston_mae": [4.106061204632782, 5.524979115751392, 4.652112690008266, 4.577256847862574, 5.310081822443859], "SVM_breast_nll": [0.2928564363167953, 0.24597918585273418, 0.2805601001917279, 0.27458729051584896, 0.27919448321118334], "SVM_breast_acc": [-0.9274725274725275, -0.9362637362637363, -0.9230769230769231, -0.9362637362637363, -0.9186813186813187], "DT_boston_mse": [31.77138521148994, 52.883280178104336, 39.88203868065034, 40.96483251284063, 46.26804168121184], "DT_wine_acc": [-0.38743842364532016, -0.38743842364532016, -0.8741379310344829, -0.38743842364532016, -0.6268472906403941]}},
"data": {"coords": {"iter": {"dims": ["iter"], "attrs": {}, "data": [0, 1, 2, 3, 4, 5, 6, 7, 8, 9, 10, 11, 12, 13, 14]}, "suggestion": {"dims": ["suggestion"], "attrs": {}, "data": [0]}, "function": {"dims": ["function"], "attrs": {}, "data": ["DT_wine_nll"]}, "optimizer": {"dims": ["optimizer"], "attrs": {}, "data": ["GpyOpt_x.x.x_6434ac2", "RandomSearch_0.0.6_6434ac2"]}, "study_id": {"dims": ["study_id"], "attrs": {}, "data": [0, 1, 2]}}, "attrs": {}, "dims": {"function": 1, "iter": 15, "optimizer": 2, "study_id": 3, "suggestion": 1}, "data_vars": {"max_depth": {"dims": ["iter", "suggestion", "function", "optimizer", "study_id"], "attrs": {}, "data": [[[[[7, 10, 3], [9, 7, 2]]]], [[[[3, 7, 14], [10, 9, 14]]]], [[[[13, 12, 3], [15, 8, 5]]]], [[[[6, 9, 1], [14, 12, 11]]]], [[[[12, 11, 1], [13, 8, 4]]]], [[[[7, 10, 1], [12, 6, 3]]]], [[[[5, 10, 1], [14, 4, 3]]]], [[[[6, 10, 5], [13, 10, 3]]]], [[[[7, 10, 2], [3, 1, 13]]]], [[[[6, 10, 1], [5, 5, 12]]]], [[[[7, 10, 3], [2, 4, 4]]]], [[[[8, 10, 3], [8, 8, 12]]]], [[[[7, 8, 10], [6, 13, 14]]]], [[[[7, 10, 1], [8, 5, 11]]]], [[[[8, 10, 6], [12, 5, 7]]]]]}, "max_features": {"dims": ["iter", "suggestion", "function", "optimizer", "study_id"], "attrs": {}, "data": [[[[[0.03900436086098904, 0.2559105307749056, 0.013649454190842942], [0.3426504181655252, 0.9707014478865136, 0.9163263041875775]]]], [[[[0.5302829716246312, 0.09227038007084576, 0.9511041475417021], [0.9721498301201156, 0.7647078923588888, 0.4051693128495245]]]], [[[[0.7715259054867846, 0.10392082956943917, 0.013479267772505079], [0.1448103012851996, 0.029874307583914156, 0.21429735530657093]]]], [[[[0.1405441092057945, 0.14936087795114464, 0.010000000000000002], [0.8670749601086073, 0.021781724155368075, 0.011117185711355785]]]], [[[[0.5918802731326102, 0.3341846586463083, 0.010000000000000002], [0.02345648649746152, 0.039967268559509044, 0.010463042791753542]]]], [[[[0.887820280739196, 0.3417802836253445, 0.010000000000000002], [0.39405639232104606, 0.4160226366061972, 0.6808748017305588]]]], [[[[0.3139105638862671, 0.26384485833255183, 0.02206850577590521], [0.9138364127255217, 0.7100906791589037, 0.08322071007565882]]]], [[[[0.7171394431790757, 0.4080673185321029, 0.02552937231272582], [0.655573003735779, 0.9812421485815611, 0.9143621540528372]]]], [[[[0.9073247116189797, 0.6040846793864908, 0.015547302187587101], [0.8814819068310693, 0.0748763681787928, 0.9734404708411823]]]], [[[[0.9765709143432564, 0.3135353931126344, 0.012806432148150212], [0.9556900929655003, 0.8873159104728454, 0.9866748477565245]]]], [[[[0.8114360269887616, 0.26731880280827336, 0.01111677526921769], [0.9428238326663769, 0.9884771503649541, 0.9808006886155027]]]], [[[[0.779751202418645, 0.33526228038886047, 0.010642839353031485], [0.04706335661712616, 0.01125684680783276, 0.9160654072928796]]]], [[[[0.8404420935381288, 0.3317225216577773, 0.055765332701412984], [0.039169773495510055, 0.8209059738365125, 0.6721143815582334]]]], [[[[0.8625311729209653, 0.3404566939750976, 0.9834569262315972], [0.9848629082572506, 0.11634695196230668, 0.9586137533835839]]]], [[[[0.88081826576361, 0.34668796549586434, 0.02621897951672888], [0.1614009784132749, 0.3445249998718545, 0.9633074483343594]]]]]}, "min_impurity_decrease": {"dims": ["iter", "suggestion", "function", "optimizer", "study_id"], "attrs": {},