{"meta": {"args": {"-db-root": "/home/nd396/bbo_challenge_starter_kit/example_submissions/bo_ei/notebooks", "--opt-root": "/home/nd396/bbo_challenge_starter_kit/example_submissions/bo_ei", "--db": "bo_example_folder", "--jobs-file": null, "--ravel": false, "--verbose": false, "dry_run": false, "rev": "6434ac2", "opt_rev": null}, "signature": {"SVM_iris_acc": [-0.9416666666666668, -0.925, -0.9333333333333332, -0.9166666666666666, -0.95], "SVM_iris_nll": [0.18340364004896872, 0.19916576061820557, 0.18889086350719977, 0.2178619729974876, 0.16704970527526128], "SVM_diabetes_mae": [66.7030794042494, 66.71801256647014, 66.71209752277093, 66.72148253522825, 66.67771016915479], "SVM_wine_nll": [0.6580876899995837, 0.6834310605148202, 0.6595640034955849, 0.652998300988326, 0.6506838291358579], "SVM_wine_acc": [-0.7679802955665025, -0.7960591133004926, -0.7682266009852217, -0.7751231527093596, -0.7751231527093596], "SVM_diabetes_mse": [6311.133617630824, 6314.320562477834, 6313.0579470692, 6315.061315242339, 6305.723564805577], "DT_digits_acc": [-0.10716705381339528, -0.10716705381339528, -0.2693524970963995, -0.10716705381339528, -0.10716705381339528], "SVM_digits_nll": [0.08561350849410329, 0.09235525607538202, 0.08450569740366588, 0.08427289339816398, 0.08366304387103633], "SVM_digits_acc": [-0.9916473093302361, -0.9909552845528455, -0.9909528648857917, -0.9909504452187379, -0.9909528648857917], "DT_iris_nll": [0.4658269806206562, 1.096762342475508, 0.7271854969550956, 1.096762342475508, 0.5957165800853185], "DT_breast_nll": [0.34830753912871476, 0.6549205599224966, 0.3501583314770514, 0.6549205599224966, 0.3330173877345615], "DT_diabetes_mse": [4092.0038458213194, 4578.169057222841, 4450.2614150394975, 4270.674479667032, 4450.536277255496], "DT_iris_acc": [-0.6916666666666667, -0.36666666666666664, -0.9416666666666667, -0.36666666666666664, -0.6916666666666667], "DT_diabetes_mae": [52.256054629772926, 55.628571305668075, 54.51737126176194, 52.86719816807454, 55.451217952362754], "DT_wine_nll": [1.0920077176895173, 1.0920077176895173, 0.6312139825872078, 1.0920077176895173, 0.7662455199674583], "SVM_boston_mae": [3.738860805794821, 3.6309566962885995, 3.7771852702322706, 3.7296701089732, 3.823955841766589], "DT_breast_acc": [-0.8923076923076924, -0.6373626373626373, -0.8923076923076924, -0.6373626373626373, -0.887912087912088], "DT_digits_nll": [2.3016949627431273, 2.3016949627431273, 1.871363997026807, 2.3016949627431273, 2.3016949627431273], "SVM_boston_mse": [30.499793984130996, 29.99078616969417, 31.939414153269503, 32.47305167430328, 30.41843038142099], "DT_boston_mae": [4.106061204632782, 5.524979115751392, 4.652112690008266, 4.577256847862574, 5.310081822443859], "SVM_breast_nll": [0.2928564363167953, 0.24597918585273418, 0.2805601001917279, 0.27458729051584896, 0.27919448321118334], "SVM_breast_acc": [-0.9274725274725275, -0.9362637362637363, -0.9230769230769231, -0.9362637362637363, -0.9186813186813187], "DT_boston_mse": [31.77138521148994, 52.883280178104336, 39.88203868065034, 40.96483251284063, 46.26804168121184], "DT_wine_acc": [-0.38743842364532016, -0.38743842364532016, -0.8741379310344829, -0.38743842364532016, -0.6268472906403941]}},
"data": {"coords": {"iter": {"dims": ["iter"], "attrs": {}, "data": [0, 1, 2, 3, 4, 5, 6, 7, 8, 9, 10, 11, 12, 13, 14]}, "suggestion": {"dims": ["suggestion"], "attrs": {}, "data": [0]}, "function": {"dims": ["function"], "attrs": {}, "data": ["DT_wine_acc"]}, "optimizer": {"dims": ["optimizer"], "attrs": {}, "data": ["GpyOpt_x.x.x_6434ac2", "RandomSearch_0.0.6_6434ac2"]}, "study_id": {"dims": ["study_id"], "attrs": {}, "data": [0, 1, 2]}}, "attrs": {}, "dims": {"function": 1, "iter": 15, "optimizer": 2, "study_id": 3, "suggestion": 1}, "data_vars": {"max_depth": {"dims": ["iter", "suggestion", "function", "optimizer", "study_id"], "attrs": {}, "data": [[[[[9, 15, 11], [4, 13, 10]]]], [[[[5, 15, 14], [6, 14, 4]]]], [[[[5, 15, 8], [11, 5, 13]]]], [[[[5, 15, 15], [10, 14, 12]]]], [[[[5, 15, 15], [15, 15, 12]]]], [[[[3, 10, 15], [12, 12, 9]]]], [[[[5, 1, 15], [11, 13, 2]]]], [[[[5, 6, 13], [7, 13, 14]]]], [[[[5, 3, 15], [10, 11, 7]]]], [[[[4, 2, 14], [11, 13, 1]]]], [[[[1, 5, 15], [12, 3, 8]]]], [[[[5, 4, 15], [4, 2, 1]]]], [[[[15, 4, 14], [3, 8, 9]]]], [[[[5, 4, 14], [3, 5, 12]]]], [[[[4, 4, 15], [12, 1, 3]]]]]}, "max_features": {"dims": ["iter", "suggestion", "function", "optimizer", "study_id"], "attrs": {}, "data": [[[[[0.5516801824956411, 0.9147499504494879, 0.8183809491900028], [0.9533562316344368, 0.664165648005631, 0.8301583812267387]]]], [[[[0.5303172323406815, 0.02652524551311496, 0.9338445599635786], [0.7803808598249615, 0.21267087503362064, 0.025897104719402403]]]], [[[[0.570243812036703, 0.9105790570684398, 0.44402404183600896], [0.7030682326467189, 0.9529180110626817, 0.20053228911654106]]]], [[[[0.35244049457898685, 0.8851966497538128, 0.9759898810579217], [0.9857295773415237, 0.8281583736670564, 0.3358355321907079]]]], [[[[0.45550627438877905, 0.99, 0.99], [0.3318946655376837, 0.41994030202125654, 0.12768342809579478]]]], [[[[0.7304843732604315, 0.99, 0.99], [0.10795023962579313, 0.08900630167114834, 0.011356160051341815]]]], [[[[0.9410017512670225, 0.99, 0.9327529332346576], [0.04791312512209682, 0.9864400742647874, 0.7072405108918508]]]], [[[[0.99, 0.99, 0.989623975144615], [0.4784233288992492, 0.24359174406057046, 0.010273155989578184]]]], [[[[0.9344792409991571, 0.99, 0.8237188818657885], [0.9418677308811526, 0.8998426702624926, 0.538897645009567]]]], [[[[0.9756062156249798, 0.99, 0.9803302116291065], [0.05199962578843127, 0.08826363204053547, 0.22860856323168488]]]], [[[[0.99, 0.99, 0.9861553673212315], [0.509340714685371, 0.4783880480338147, 0.9894843792003052]]]], [[[[0.9497071029565106, 0.99, 0.9622756038607321], [0.0197270345933622, 0.34317439988499776, 0.9831577736283074]]]], [[[[0.99, 0.7636600749739026, 0.957393147004721], [0.08588946394811675, 0.9861593270647596, 0.9818965874101195]]]], [[[[0.99, 0.99, 0.9774698781657132], [0.9756560368596733, 0.92961587104979, 0.8621755625446604]]]], [[[[0.8705564219532375, 0.99, 0.9255292228982359], [0.9353231982842158, 0.040785552082526245, 0.08028465227895912]]]]]}, "min_impurity_decrease": {"dims": ["iter", "suggestion", "function", "optimizer", "study_id"], "attrs": {}, "data": [[[[[0.15245098634666487, 0.21048217533560326, 0.2716922272837839], [0.4942426123973657, 0.4582968768794321, 0.31865801874278354]]]], [[[[0.017100662507546827, 0.4775153593088493, 0.007195643640316607], [0.012548895854406161, 0.3826726646108807, 0.19141273912090745]]]], [[[[0.0026256369795973652, 0.20520663538724476, 0.4366632430830483], [0.07332631451921706, 0.4772039187331101, 0.11161412822124767]]]], [[[[0.08015559191456904, 0.1771699347538561, 0.0], [0.2550805540342, 0.4941330689300693, 0.3466970527108812]]]], [[[[0.07489229917065952, 0.0, 0.0], [0.18083827275939762, 0.3859755388245062, 0.14297560258341063]]]], [[[[0.0, 0.0, 0.0], [0.40539414898435644, 0.47068481461369605, 0.32580521446930405]]]], [[[[0.0, 0.0, 0.0], [0.31525159171200934, 0.22216432518281776, 0.024522082508131926]]]], [[[[0.0, 0.0, 0.0], [0.43330863980846746, 0.015213424787054786, 0.31481675331449405]]]], [[[[0.0, 0.0, 0.0], [0.4930697710154798, 0.31573055120649873, 0.03178863881652677]]]], [[[[0.0, 0.0, 0.0], [0.31712850039430396, 0.31576986417479197, 0.2759939265378052]]]], [[[[0.0, 0.0, 0.5], [0.2856950107312884, 0.0646378379916639, 0.4997864969025309]]]], [[[[0.0, 0.0, 0.00048117374474496914], [0.4532306896684814, 0.18280527325297574, 0.21553237953026683]]]], [[[[0.5, 0.5, 0.0], [0.20554613617269168, 0.26205223242613984, 0.3791772361324117]]]], [[[[0.5, 0.0, 0.0], [0.22956720787022827, 0.14308887282719246, 0.4563304410171809]]]], [[[[0.0, 0.0, 0.0], [0.3882167726460178, 0.2896442253963974, 0.4984078391491248]]]]]}, "min_samples_leaf": {"dims": ["iter", "suggestion", "function", "optimizer", "study_id"], "attrs": {},