{"meta": {"args": {"-db-root": "/home/nd396/bbo_challenge_starter_kit/example_submissions/bo_ei/notebooks", "--opt-root": "/home/nd396/bbo_challenge_starter_kit/example_submissions/bo_ei", "--db": "bo_example_folder", "--jobs-file": null, "--verbose": true, "dry_run": false, "rev": "6434ac2", "opt_rev": null}, "signature": {"SVM_iris_acc": [-0.9416666666666668, -0.925, -0.9333333333333332, -0.9166666666666666, -0.95], "SVM_iris_nll": [0.18340364004896872, 0.19916576061820557, 0.18889086350719977, 0.2178619729974876, 0.16704970527526128], "SVM_diabetes_mae": [66.7030794042494, 66.71801256647014, 66.71209752277093, 66.72148253522825, 66.67771016915479], "SVM_wine_nll": [0.6580876899995837, 0.6834310605148202, 0.6595640034955849, 0.652998300988326, 0.6506838291358579], "SVM_wine_acc": [-0.7679802955665025, -0.7960591133004926, -0.7682266009852217, -0.7751231527093596, -0.7751231527093596], "SVM_diabetes_mse": [6311.133617630824, 6314.320562477834, 6313.0579470692, 6315.061315242339, 6305.723564805577], "DT_digits_acc": [-0.10716705381339528, -0.10716705381339528, -0.2693524970963995, -0.10716705381339528, -0.10716705381339528], "SVM_digits_nll": [0.08561350849410329, 0.09235525607538202, 0.08450569740366588, 0.08427289339816398, 0.08366304387103633], "SVM_digits_acc": [-0.9916473093302361, -0.9909552845528455, -0.9909528648857917, -0.9909504452187379, -0.9909528648857917], "DT_iris_nll": [0.4658269806206562, 1.096762342475508, 0.7271854969550956, 1.096762342475508, 0.5957165800853185], "DT_breast_nll": [0.34830753912871476, 0.6549205599224966, 0.3501583314770514, 0.6549205599224966, 0.3330173877345615], "DT_diabetes_mse": [4092.0038458213194, 4578.169057222841, 4450.2614150394975, 4270.674479667032, 4450.536277255496], "DT_iris_acc": [-0.6916666666666667, -0.36666666666666664, -0.9416666666666667, -0.36666666666666664, -0.6916666666666667], "DT_diabetes_mae": [52.256054629772926, 55.628571305668075, 54.51737126176194, 52.86719816807454, 55.451217952362754], "DT_wine_nll": [1.0920077176895173, 1.0920077176895173, 0.6312139825872078, 1.0920077176895173, 0.7662455199674583], "SVM_boston_mae": [3.738860805794821, 3.6309566962885995, 3.7771852702322706, 3.7296701089732, 3.823955841766589], "DT_breast_acc": [-0.8923076923076924, -0.6373626373626373, -0.8923076923076924, -0.6373626373626373, -0.887912087912088], "DT_digits_nll": [2.3016949627431273, 2.3016949627431273, 1.871363997026807, 2.3016949627431273, 2.3016949627431273], "SVM_boston_mse": [30.499793984130996, 29.99078616969417, 31.939414153269503, 32.47305167430328, 30.41843038142099], "DT_boston_mae": [4.106061204632782, 5.524979115751392, 4.652112690008266, 4.577256847862574, 5.310081822443859], "SVM_breast_nll": [0.2928564363167953, 0.24597918585273418, 0.2805601001917279, 0.27458729051584896, 0.27919448321118334], "SVM_breast_acc": [-0.9274725274725275, -0.9362637362637363, -0.9230769230769231, -0.9362637362637363, -0.9186813186813187], "DT_boston_mse": [31.77138521148994, 52.883280178104336, 39.88203868065034, 40.96483251284063, 46.26804168121184], "DT_wine_acc": [-0.38743842364532016, -0.38743842364532016, -0.8741379310344829, -0.38743842364532016, -0.6268472906403941]}},
"data": {"coords": {"iter": {"dims": ["iter"], "attrs": {}, "data": [0, 1, 2, 3, 4, 5, 6, 7, 8, 9, 10, 11, 12, 13, 14]}, "optimizer": {"dims": ["optimizer"], "attrs": {}, "data": ["GpyOpt_x.x.x_6434ac2", "RandomSearch_0.0.6_6434ac2"]}, "objective": {"dims": ["objective"], "attrs": {}, "data": ["_visible_to_opt", "generalization"]}}, "attrs": {}, "dims": {"iter": 15, "objective": 2, "optimizer": 2}, "data_vars": {"median": {"dims": ["iter", "optimizer", "objective"], "attrs": {}, "data": [[[1.0, 1.0], [1.0, 1.0]], [[0.9068399835459205, 0.960810013306146], [1.015145556718183, 1.0]], [[1.0, 1.0], [1.0455737819702124, 1.0]], [[0.9756681857057633, 1.0], [1.0, 1.0]], [[1.0, 1.0], [1.0, 1.1680766168251033]], [[1.0, 1.0], [1.0, 1.1686824237376552]], [[1.0, 1.0], [1.0, 1.2037864455964045]], [[1.0, 1.0], [1.0, 1.2089860483889738]], [[0.6666666667227946, 1.0], [1.0, 1.2089860483889738]], [[0.4378109452862412, 1.0], [1.0, 1.1999999999984015]], [[0.5408331372025377, 1.0], [1.0, 1.1283185840705694]], [[0.3660098024326242, 1.0], [1.0, 1.2233090646434408]], [[0.3660098024326242, 1.0], [1.0, 1.2233090646434408]], [[0.3660098024326242, 0.9116015610554397], [1.0, 1.2233090646434408]], [[0.3660098024326242, 0.9116015610554397], [0.9999999999999999, 1.2233090646434408]]]}, "median LB": {"dims": ["iter", "optimizer", "objective"], "attrs": {}, "data": [[[0.7705068627243681, 0.749887204847486], [0.9288360491527147, 0.8343879624350754]], [[0.7733908073549266, 0.6679904279283166], [1.0, 1.0]], [[0.9588560746120512, 0.9709674599494086], [1.0, 1.0]], [[0.7688186368534717, 1.0], [0.8699377369111341, 1.0]], [[0.7880391494845497, 1.0], [0.8080915814476884, 1.0]], [[0.9173548167530455, 0.9942215231912062], [0.9833606078233215, 1.0]], [[0.34000999877641513, 0.8351923385775326], [0.8341091262586368, 1.0]], [[0.2869183635212503, 0.5867739224589867], [0.9999814432720261, 1.0]], [[0.19580419582954553, 0.5867739224589867], [0.9261242329317491, 1.0]], [[0.19580419582954553, 0.25000000001249], [0.8953805399075297, 1.0]], [[0.19718309861703417, 0.5000000000166533], [0.9999999999999999, 1.0]], [[0.14314230887650695, 0.4414101895100244], [0.9999999999999999, 1.0]], [[0.14314230887650695, 0.3713948960819185], [0.9999999999999999, 1.0]], [[0.0986363898649364, 0.48395932729290936], [0.9927615570026588, 1.0]], [[0.0986363898649364, 0.3184581738353192], [0.9850850543142233, 1.0]]]}, "median UB": {"dims": ["iter", "optimizer", "objective"], "attrs": {}, "data": [[[1.3357675743143818, 1.116444376453256], [1.0853735625185608, 1.0]], [[1.0914314599377681, 1.1740896868890678], [1.1754179866314522, 1.1470113944102545]], [[1.1349999999969587, 1.4250077256591096], [1.249999999968428, 1.2814265319803797]], [[1.0709816720217904, 1.102326604528122], [1.2056849753317629, 1.714730586279342]], [[1.437764845896237, 1.488295207410247], [1.291666666665047, 1.9257019763302978]], [[1.2055538512445922, 1.754228139568892], [1.4019546849001543, 2.5999999999786847]], [[1.059686334957599, 1.7807378192158854], [1.062560032326533, 2.0731841563861995]], [[1.108018645984981, 1.7748462222796206], [1.1958041957980245, 2.499999999905079]], [[1.056239488148063, 1.7748462222796206], [1.0, 2.499999999905079]], [[1.0, 1.833167042790225], [1.0, 2.234038506401693]], [[1.0, 2.1832093398456545], [1.2042253521061965, 2.499999999905079]], [[1.0, 2.1832093398456545], [1.0, 2.499999999905079]], [[1.0, 2.1832093398456545], [1.0, 2.499999999905079]], [[0.9827855337802278, 1.0088495575221081], [1.0, 2.499999999905079]], [[0.9827855337802278, 1.0088495575221081], [1.0, 2.5767944174046096]]]}, "mean": {"dims": ["iter", "optimizer", "objective"], "attrs": {},