{"meta": {"args": {"-db-root": "/home/nd396/bbo_challenge_starter_kit/example_submissions/bo_ei/notebooks", "--opt-root": "/home/nd396/bbo_challenge_starter_kit/example_submissions/bo_ei", "--db": "bo_example_folder", "--jobs-file": null, "--ravel": false, "--verbose": false, "dry_run": false, "rev": "6434ac2", "opt_rev": null}, "signature": {"SVM_iris_acc": [-0.9416666666666668, -0.925, -0.9333333333333332, -0.9166666666666666, -0.95], "SVM_iris_nll": [0.18340364004896872, 0.19916576061820557, 0.18889086350719977, 0.2178619729974876, 0.16704970527526128], "SVM_diabetes_mae": [66.7030794042494, 66.71801256647014, 66.71209752277093, 66.72148253522825, 66.67771016915479], "SVM_wine_nll": [0.6580876899995837, 0.6834310605148202, 0.6595640034955849, 0.652998300988326, 0.6506838291358579], "SVM_wine_acc": [-0.7679802955665025, -0.7960591133004926, -0.7682266009852217, -0.7751231527093596, -0.7751231527093596], "SVM_diabetes_mse": [6311.133617630824, 6314.320562477834, 6313.0579470692, 6315.061315242339, 6305.723564805577], "DT_digits_acc": [-0.10716705381339528, -0.10716705381339528, -0.2693524970963995, -0.10716705381339528, -0.10716705381339528], "SVM_digits_nll": [0.08561350849410329, 0.09235525607538202, 0.08450569740366588, 0.08427289339816398, 0.08366304387103633], "SVM_digits_acc": [-0.9916473093302361, -0.9909552845528455, -0.9909528648857917, -0.9909504452187379, -0.9909528648857917], "DT_iris_nll": [0.4658269806206562, 1.096762342475508, 0.7271854969550956, 1.096762342475508, 0.5957165800853185], "DT_breast_nll": [0.34830753912871476, 0.6549205599224966, 0.3501583314770514, 0.6549205599224966, 0.3330173877345615], "DT_diabetes_mse": [4092.0038458213194, 4578.169057222841, 4450.2614150394975, 4270.674479667032, 4450.536277255496], "DT_iris_acc": [-0.6916666666666667, -0.36666666666666664, -0.9416666666666667, -0.36666666666666664, -0.6916666666666667], "DT_diabetes_mae": [52.256054629772926, 55.628571305668075, 54.51737126176194, 52.86719816807454, 55.451217952362754], "DT_wine_nll": [1.0920077176895173, 1.0920077176895173, 0.6312139825872078, 1.0920077176895173, 0.7662455199674583], "SVM_boston_mae": [3.738860805794821, 3.6309566962885995, 3.7771852702322706, 3.7296701089732, 3.823955841766589], "DT_breast_acc": [-0.8923076923076924, -0.6373626373626373, -0.8923076923076924, -0.6373626373626373, -0.887912087912088], "DT_digits_nll": [2.3016949627431273, 2.3016949627431273, 1.871363997026807, 2.3016949627431273, 2.3016949627431273], "SVM_boston_mse": [30.499793984130996, 29.99078616969417, 31.939414153269503, 32.47305167430328, 30.41843038142099], "DT_boston_mae": [4.106061204632782, 5.524979115751392, 4.652112690008266, 4.577256847862574, 5.310081822443859], "SVM_breast_nll": [0.2928564363167953, 0.24597918585273418, 0.2805601001917279, 0.27458729051584896, 0.27919448321118334], "SVM_breast_acc": [-0.9274725274725275, -0.9362637362637363, -0.9230769230769231, -0.9362637362637363, -0.9186813186813187], "DT_boston_mse": [31.77138521148994, 52.883280178104336, 39.88203868065034, 40.96483251284063, 46.26804168121184], "DT_wine_acc": [-0.38743842364532016, -0.38743842364532016, -0.8741379310344829, -0.38743842364532016, -0.6268472906403941]}},
"data": {"coords": {"iter": {"dims": ["iter"], "attrs": {}, "data": [0, 1, 2, 3, 4, 5, 6, 7, 8, 9, 10, 11, 12, 13, 14]}, "suggestion": {"dims": ["suggestion"], "attrs": {}, "data": [0]}, "function": {"dims": ["function"], "attrs": {}, "data": ["SVM_breast_acc"]}, "optimizer": {"dims": ["optimizer"], "attrs": {}, "data": ["GpyOpt_x.x.x_6434ac2", "RandomSearch_0.0.6_6434ac2"]}, "study_id": {"dims": ["study_id"], "attrs": {}, "data": [0, 1, 2]}}, "attrs": {}, "dims": {"function": 1, "iter": 15, "optimizer": 2, "study_id": 3, "suggestion": 1}, "data_vars": {"C": {"dims": ["iter", "suggestion", "function", "optimizer", "study_id"], "attrs": {}, "data": [[[[[4.353285241693704, 31.273711474680415, 193.1784394251503], [3.6872899141745465, 722.5004195081956, 812.7838906642041]]]], [[[[370.4108551463206, 587.9344675213797, 2.426379225061694], [14.32693325803074, 220.66636496856364, 31.51849923037316]]]], [[[[66.53383520176865, 31.971793901684098, 31.889323422173213], [588.1714317919732, 1.125470666971441, 99.92165211018968]]]], [[[[3.8033337907206697, 38.80292267135318, 47.964991691323974], [22.51180449075593, 583.4520130805236, 228.18530321462666]]]], [[[[10.429823154670428, 1.0, 95.9074910391649], [4.473394180445717, 226.8705235142702, 19.610162886178546]]]], [[[[12.297243472922144, 132.83399838675865, 185.44442092507092], [40.57200994418985, 350.44217237038475, 2.537967629396533]]]], [[[[7.445080817882911, 15.86205455987327, 594.1336640428506], [50.14228579811688, 17.161825949348955, 3.6781747019422855]]]], [[[[16.254757425069137, 44.429113745770344, 9.575943589994484], [1.3672009625328192, 407.0742162645556, 95.4961639032912]]]], [[[[1.0, 37.41627376066864, 13.170943043911945], [174.94221602927232, 459.79416887108044, 30.007520281400677]]]], [[[[6.195188094016081, 27.907056685364214, 19.04607703246878], [42.10547513079037, 4.557109847584578, 1.2565431581852369]]]], [[[[67.72131804606127, 19.252402179638697, 6.839811367068407], [661.8286767941796, 2.0735832825513256, 2.0790409168430597]]]], [[[[14.016136415080842, 1.0194574042137634, 2.2711666060048445], [15.71348325077935, 863.8145370796564, 65.62428793439771]]]], [[[[999.9999999999998, 35.06745423656769, 1.9144689653760927], [90.47969435381063, 40.3443579280695, 733.2521383390979]]]], [[[[27.284339967503215, 25.748531860895497, 1.0], [423.94647290860013, 4.686531700072453, 14.28101581173989]]]], [[[[999.9999999999998, 9.025146248801054, 1.0], [57.44503137712381, 23.10951501623397, 2.60171720730028]]]]]}, "gamma": {"dims": ["iter", "suggestion", "function", "optimizer", "study_id"], "attrs": {},