{"meta": {"args": {"-db-root": "/home/nd396/bbo_challenge_starter_kit/example_submissions/bo_ei/notebooks", "--opt-root": "/home/nd396/bbo_challenge_starter_kit/example_submissions/bo_ei", "--db": "bo_example_folder", "--jobs-file": null, "--ravel": false, "--verbose": false, "dry_run": false, "rev": "6434ac2", "opt_rev": null}, "signature": {"SVM_iris_acc": [-0.9416666666666668, -0.925, -0.9333333333333332, -0.9166666666666666, -0.95], "SVM_iris_nll": [0.18340364004896872, 0.19916576061820557, 0.18889086350719977, 0.2178619729974876, 0.16704970527526128], "SVM_diabetes_mae": [66.7030794042494, 66.71801256647014, 66.71209752277093, 66.72148253522825, 66.67771016915479], "SVM_wine_nll": [0.6580876899995837, 0.6834310605148202, 0.6595640034955849, 0.652998300988326, 0.6506838291358579], "SVM_wine_acc": [-0.7679802955665025, -0.7960591133004926, -0.7682266009852217, -0.7751231527093596, -0.7751231527093596], "SVM_diabetes_mse": [6311.133617630824, 6314.320562477834, 6313.0579470692, 6315.061315242339, 6305.723564805577], "DT_digits_acc": [-0.10716705381339528, -0.10716705381339528, -0.2693524970963995, -0.10716705381339528, -0.10716705381339528], "SVM_digits_nll": [0.08561350849410329, 0.09235525607538202, 0.08450569740366588, 0.08427289339816398, 0.08366304387103633], "SVM_digits_acc": [-0.9916473093302361, -0.9909552845528455, -0.9909528648857917, -0.9909504452187379, -0.9909528648857917], "DT_iris_nll": [0.4658269806206562, 1.096762342475508, 0.7271854969550956, 1.096762342475508, 0.5957165800853185], "DT_breast_nll": [0.34830753912871476, 0.6549205599224966, 0.3501583314770514, 0.6549205599224966, 0.3330173877345615], "DT_diabetes_mse": [4092.0038458213194, 4578.169057222841, 4450.2614150394975, 4270.674479667032, 4450.536277255496], "DT_iris_acc": [-0.6916666666666667, -0.36666666666666664, -0.9416666666666667, -0.36666666666666664, -0.6916666666666667], "DT_diabetes_mae": [52.256054629772926, 55.628571305668075, 54.51737126176194, 52.86719816807454, 55.451217952362754], "DT_wine_nll": [1.0920077176895173, 1.0920077176895173, 0.6312139825872078, 1.0920077176895173, 0.7662455199674583], "SVM_boston_mae": [3.738860805794821, 3.6309566962885995, 3.7771852702322706, 3.7296701089732, 3.823955841766589], "DT_breast_acc": [-0.8923076923076924, -0.6373626373626373, -0.8923076923076924, -0.6373626373626373, -0.887912087912088], "DT_digits_nll": [2.3016949627431273, 2.3016949627431273, 1.871363997026807, 2.3016949627431273, 2.3016949627431273], "SVM_boston_mse": [30.499793984130996, 29.99078616969417, 31.939414153269503, 32.47305167430328, 30.41843038142099], "DT_boston_mae": [4.106061204632782, 5.524979115751392, 4.652112690008266, 4.577256847862574, 5.310081822443859], "SVM_breast_nll": [0.2928564363167953, 0.24597918585273418, 0.2805601001917279, 0.27458729051584896, 0.27919448321118334], "SVM_breast_acc": [-0.9274725274725275, -0.9362637362637363, -0.9230769230769231, -0.9362637362637363, -0.9186813186813187], "DT_boston_mse": [31.77138521148994, 52.883280178104336, 39.88203868065034, 40.96483251284063, 46.26804168121184], "DT_wine_acc": [-0.38743842364532016, -0.38743842364532016, -0.8741379310344829, -0.38743842364532016, -0.6268472906403941]}},
"data": {"coords": {"iter": {"dims": ["iter"], "attrs": {}, "data": [0, 1, 2, 3, 4, 5, 6, 7, 8, 9, 10, 11, 12, 13, 14]}, "suggestion": {"dims": ["suggestion"], "attrs": {}, "data": [0]}, "function": {"dims": ["function"], "attrs": {}, "data": ["SVM_digits_nll"]}, "optimizer": {"dims": ["optimizer"], "attrs": {}, "data": ["GpyOpt_x.x.x_6434ac2", "RandomSearch_0.0.6_6434ac2"]}, "study_id": {"dims": ["study_id"], "attrs": {}, "data": [0, 1, 2]}}, "attrs": {}, "dims": {"function": 1, "iter": 15, "optimizer": 2, "study_id": 3, "suggestion": 1}, "data_vars": {"C": {"dims": ["iter", "suggestion", "function", "optimizer", "study_id"], "attrs": {}, "data": [[[[[3.0274683521148655, 38.37814695161604, 411.6150686461517], [33.35884000729309, 5.719108480547785, 4.818081551325271]]]], [[[[47.443543273317, 179.226059825448, 283.041059976263], [6.733770581294896, 97.55362682994567, 3.463160400314407]]]], [[[[48.41845928250452, 10.148943803313172, 620.0210674891374], [161.87542075956281, 46.66797825281711, 151.215245500588]]]], [[[[71.73258615051076, 1.2413303297252358, 250.99241668634738], [107.32336133211234, 17.695773149872096, 5.913441646472715]]]], [[[[999.9999999999998, 1.0, 100.42095483908469], [34.68944198796846, 929.1019600754831, 296.7478577503]]]], [[[[999.9999999999998, 169.51102647611933, 15.644476233283383], [86.59895491969516, 1.6659855274211977, 5.470932871472532]]]], [[[[139.97592966871304, 29.71599823084726, 1.0], [16.664004289476804, 2.2311886577824733, 367.10842961892354]]]], [[[[1.0, 381.47749684023415, 1.0], [1.1474032328195138, 233.97667719744067, 34.28547179187794]]]], [[[[999.9999999999998, 11.163359547078384, 51.607166343180396], [2.280399553841598, 31.20233294977351, 5.297562392845752]]]], [[[[999.9999999999998, 22.22799435856035, 1.0], [296.0728769225457, 2.9274308918505887, 13.059736086469423]]]], [[[[15.29648054776846, 412.6949392572984, 119.4565054640057], [237.44009276186856, 8.953428934351727, 17.820851371417966]]]], [[[[999.9999999999998, 583.4008624561127, 39.11401889426591], [35.64180412222051, 205.29193092645178, 11.637541431386156]]]], [[[[999.9999999999998, 6.108050717493376, 7.586113369461934], [277.42206961217545, 610.4998464268054, 2.2920305164023596]]]], [[[[71.46068056593595, 1.545065728467173, 7.055195103416188], [4.818289947693434, 16.50067773719184, 7.283057831580189]]]], [[[[999.9999999999998, 9.304714774578416, 999.9999999999998], [91.15965847895441, 30.533590174505598, 93.87625554570037]]]]]}, "gamma": {"dims": ["iter", "suggestion", "function", "optimizer", "study_id"], "attrs": {}, "data": [[[[[0.00010970311466433169, 0.00015947925869214065, 0.00011815020769306839], [0.0008066444572503971, 0.0002740197574344058, 0.0002456851225853489]]]], [[[[0.0004142339923838237, 0.00013662954520104396, 0.0008974357693605232], [0.0007104042514728387, 0.0002854434770041543, 0.0002746880723166926]]]], [[[[0.00048642091076097233, 0.00013308912294461407, 0.00013646176161517205], [0.00014269815196115714, 0.00010063149843949802, 0.0005382890465888022]]]], [[[[0.001, 0.0006505655670618442, 0.0008728152758831508], [0.0002514776344336667, 0.00011799267852810381, 0.00016880641961169605]]]], [[[[0.001, 0.0002795599509411048, 0.001], [0.0007388744126617611, 0.0003151112155310385, 0.000244401657977848]]]], [[[[0.00010000000000000009, 0.0002263833849937131, 0.001], [0.0004652052527393329, 0.0002779072898760578, 0.0001167149552410202]]]], [[[[0.001, 0.00016469119028547982, 0.001], [0.0001193823078518905, 0.0003638069203964766, 0.0006925102673377873]]]], [[[[0.001, 0.000747431678589402, 0.001], [0.0001869036111486131, 0.00010926343442299535, 0.0001507796994066944]]]], [[[[0.001, 0.0009998650234703322, 0.001], [0.0002573894860529942, 0.00027003909418959, 0.00012273569765726647]]]], [[[[0.001, 0.00012548813647667102, 0.001], [0.0008994820285192496, 0.00012001441538474435, 0.0005118458759945954]]]], [[[[0.001, 0.0008934358464107339, 0.001], [0.0009527762163374231, 0.00036809867422366824, 0.000982476183701934]]]], [[[[0.00010000000000000009, 0.0006015328331582735, 0.001], [0.00016688010050879142, 0.00030063471867033216, 0.0005557763554322074]]]], [[[[0.001, 0.001, 0.001], [0.00012196783837307615, 0.00012196615064003871, 0.0005636486426689977]]]], [[[[0.001, 0.001, 0.00010000000000000009], [0.0004108385777794327, 0.00012459832833063017, 0.0005826873938171472]]]], [[[[0.001, 0.0004103634595941937, 0.001], [0.0006033578834035135, 0.0009535502527213871, 0.00011000417786837434]]]]]}, "tol": {"dims": ["iter", "suggestion", "function", "optimizer", "study_id"], "attrs": {},