{"meta": {"args": {"-db-root": "/home/nd396/bbo_challenge_starter_kit/example_submissions/bo_ei/notebooks", "--opt-root": "/home/nd396/bbo_challenge_starter_kit/example_submissions/bo_ei", "--db": "bo_example_folder", "--jobs-file": null, "--ravel": false, "--verbose": false, "dry_run": false, "rev": "6434ac2", "opt_rev": null}, "signature": {"SVM_iris_acc": [-0.9416666666666668, -0.925, -0.9333333333333332, -0.9166666666666666, -0.95], "SVM_iris_nll": [0.18340364004896872, 0.19916576061820557, 0.18889086350719977, 0.2178619729974876, 0.16704970527526128], "SVM_diabetes_mae": [66.7030794042494, 66.71801256647014, 66.71209752277093, 66.72148253522825, 66.67771016915479], "SVM_wine_nll": [0.6580876899995837, 0.6834310605148202, 0.6595640034955849, 0.652998300988326, 0.6506838291358579], "SVM_wine_acc": [-0.7679802955665025, -0.7960591133004926, -0.7682266009852217, -0.7751231527093596, -0.7751231527093596], "SVM_diabetes_mse": [6311.133617630824, 6314.320562477834, 6313.0579470692, 6315.061315242339, 6305.723564805577], "DT_digits_acc": [-0.10716705381339528, -0.10716705381339528, -0.2693524970963995, -0.10716705381339528, -0.10716705381339528], "SVM_digits_nll": [0.08561350849410329, 0.09235525607538202, 0.08450569740366588, 0.08427289339816398, 0.08366304387103633], "SVM_digits_acc": [-0.9916473093302361, -0.9909552845528455, -0.9909528648857917, -0.9909504452187379, -0.9909528648857917], "DT_iris_nll": [0.4658269806206562, 1.096762342475508, 0.7271854969550956, 1.096762342475508, 0.5957165800853185], "DT_breast_nll": [0.34830753912871476, 0.6549205599224966, 0.3501583314770514, 0.6549205599224966, 0.3330173877345615], "DT_diabetes_mse": [4092.0038458213194, 4578.169057222841, 4450.2614150394975, 4270.674479667032, 4450.536277255496], "DT_iris_acc": [-0.6916666666666667, -0.36666666666666664, -0.9416666666666667, -0.36666666666666664, -0.6916666666666667], "DT_diabetes_mae": [52.256054629772926, 55.628571305668075, 54.51737126176194, 52.86719816807454, 55.451217952362754], "DT_wine_nll": [1.0920077176895173, 1.0920077176895173, 0.6312139825872078, 1.0920077176895173, 0.7662455199674583], "SVM_boston_mae": [3.738860805794821, 3.6309566962885995, 3.7771852702322706, 3.7296701089732, 3.823955841766589], "DT_breast_acc": [-0.8923076923076924, -0.6373626373626373, -0.8923076923076924, -0.6373626373626373, -0.887912087912088], "DT_digits_nll": [2.3016949627431273, 2.3016949627431273, 1.871363997026807, 2.3016949627431273, 2.3016949627431273], "SVM_boston_mse": [30.499793984130996, 29.99078616969417, 31.939414153269503, 32.47305167430328, 30.41843038142099], "DT_boston_mae": [4.106061204632782, 5.524979115751392, 4.652112690008266, 4.577256847862574, 5.310081822443859], "SVM_breast_nll": [0.2928564363167953, 0.24597918585273418, 0.2805601001917279, 0.27458729051584896, 0.27919448321118334], "SVM_breast_acc": [-0.9274725274725275, -0.9362637362637363, -0.9230769230769231, -0.9362637362637363, -0.9186813186813187], "DT_boston_mse": [31.77138521148994, 52.883280178104336, 39.88203868065034, 40.96483251284063, 46.26804168121184], "DT_wine_acc": [-0.38743842364532016, -0.38743842364532016, -0.8741379310344829, -0.38743842364532016, -0.6268472906403941]}},
"data": {"coords": {"iter": {"dims": ["iter"], "attrs": {}, "data": [0, 1, 2, 3, 4, 5, 6, 7, 8, 9, 10, 11, 12, 13, 14]}, "suggestion": {"dims": ["suggestion"], "attrs": {}, "data": [0]}, "function": {"dims": ["function"], "attrs": {}, "data": ["SVM_wine_acc"]}, "optimizer": {"dims": ["optimizer"], "attrs": {}, "data": ["GpyOpt_x.x.x_6434ac2", "RandomSearch_0.0.6_6434ac2"]}, "study_id": {"dims": ["study_id"], "attrs": {}, "data": [0, 1, 2]}}, "attrs": {}, "dims": {"function": 1, "iter": 15, "optimizer": 2, "study_id": 3, "suggestion": 1}, "data_vars": {"C": {"dims": ["iter", "suggestion", "function", "optimizer", "study_id"], "attrs": {}, "data": [[[[[62.68045444003528, 1.0240122314209072, 37.631564152458154], [60.9419970908485, 1.982507445284595, 28.138305340805235]]]], [[[[34.263177426026736, 2.3598171921646083, 16.587864592374025], [114.18611695574793, 1.8037793813924574, 2.5617212033522274]]]], [[[[37.61538711866793, 6.498648541261133, 1.9317192885242596], [7.7560939960815904, 21.107303808935853, 13.77038964231571]]]], [[[[45.2560480100759, 24.156226444425062, 34.20664529701825], [44.43056172761916, 4.880501765896408, 2.743949983924381]]]], [[[[31.572413037726104, 26.22540475291443, 73.25292014303473], [3.786014704991909, 303.66674988610515, 36.47650541154301]]]], [[[[24.16383383233965, 33.864882900001575, 301.2829653004193], [6.953693571851955, 231.52473474941033, 4.938928329423759]]]], [[[[33.005617901766556, 40.963361929287146, 999.9999999999998], [32.152461741347196, 13.014069205238936, 710.8437766881682]]]], [[[[36.770851300683425, 39.65123073311493, 999.9999999999998], [1.1431162880001622, 8.617039801421042, 28.884873875693877]]]], [[[[69.67543007896279, 323.59049560288764, 999.9999999999998], [95.53944898618582, 6.646709624567152, 6.580983051922304]]]], [[[[114.15323716251861, 999.9999999999998, 999.9999999999998], [93.1268537811634, 41.88336674948151, 4.230895172565436]]]], [[[[66.47923293404934, 999.9999999999998, 23.20449935753505], [23.504396763432887, 199.05828998475113, 2.741862479840293]]]], [[[[73.34774739770539, 999.9999999999998, 264.71174402157743], [6.1730358232931275, 61.99415736883978, 146.5274767896345]]]], [[[[89.96232973028404, 999.9999999999998, 999.9999999999998], [210.80655726202122, 7.4978618456394495, 6.5098458889282105]]]], [[[[112.77020147244437, 999.9999999999998, 999.9999999999998], [2.004665897869422, 17.649655444515066, 920.1603022450294]]]], [[[[78.36602780094911, 999.9999999999998, 999.9999999999998], [378.3654682647781, 1.3369626353267559, 119.47010797436293]]]]]}, "gamma": {"dims": ["iter", "suggestion", "function", "optimizer", "study_id"], "attrs": {},