{"meta": {"args": {"-db-root": "/home/nd396/bbo_challenge_starter_kit/example_submissions/bo_ei/notebooks", "--opt-root": "/home/nd396/bbo_challenge_starter_kit/example_submissions/bo_ei", "--db": "bo_example_folder", "--jobs-file": null, "--ravel": false, "--verbose": false, "dry_run": false, "rev": "6434ac2", "opt_rev": null}, "signature": {"SVM_iris_acc": [-0.9416666666666668, -0.925, -0.9333333333333332, -0.9166666666666666, -0.95], "SVM_iris_nll": [0.18340364004896872, 0.19916576061820557, 0.18889086350719977, 0.2178619729974876, 0.16704970527526128], "SVM_diabetes_mae": [66.7030794042494, 66.71801256647014, 66.71209752277093, 66.72148253522825, 66.67771016915479], "SVM_wine_nll": [0.6580876899995837, 0.6834310605148202, 0.6595640034955849, 0.652998300988326, 0.6506838291358579], "SVM_wine_acc": [-0.7679802955665025, -0.7960591133004926, -0.7682266009852217, -0.7751231527093596, -0.7751231527093596], "SVM_diabetes_mse": [6311.133617630824, 6314.320562477834, 6313.0579470692, 6315.061315242339, 6305.723564805577], "DT_digits_acc": [-0.10716705381339528, -0.10716705381339528, -0.2693524970963995, -0.10716705381339528, -0.10716705381339528], "SVM_digits_nll": [0.08561350849410329, 0.09235525607538202, 0.08450569740366588, 0.08427289339816398, 0.08366304387103633], "SVM_digits_acc": [-0.9916473093302361, -0.9909552845528455, -0.9909528648857917, -0.9909504452187379, -0.9909528648857917], "DT_iris_nll": [0.4658269806206562, 1.096762342475508, 0.7271854969550956, 1.096762342475508, 0.5957165800853185], "DT_breast_nll": [0.34830753912871476, 0.6549205599224966, 0.3501583314770514, 0.6549205599224966, 0.3330173877345615], "DT_diabetes_mse": [4092.0038458213194, 4578.169057222841, 4450.2614150394975, 4270.674479667032, 4450.536277255496], "DT_iris_acc": [-0.6916666666666667, -0.36666666666666664, -0.9416666666666667, -0.36666666666666664, -0.6916666666666667], "DT_diabetes_mae": [52.256054629772926, 55.628571305668075, 54.51737126176194, 52.86719816807454, 55.451217952362754], "DT_wine_nll": [1.0920077176895173, 1.0920077176895173, 0.6312139825872078, 1.0920077176895173, 0.7662455199674583], "SVM_boston_mae": [3.738860805794821, 3.6309566962885995, 3.7771852702322706, 3.7296701089732, 3.823955841766589], "DT_breast_acc": [-0.8923076923076924, -0.6373626373626373, -0.8923076923076924, -0.6373626373626373, -0.887912087912088], "DT_digits_nll": [2.3016949627431273, 2.3016949627431273, 1.871363997026807, 2.3016949627431273, 2.3016949627431273], "SVM_boston_mse": [30.499793984130996, 29.99078616969417, 31.939414153269503, 32.47305167430328, 30.41843038142099], "DT_boston_mae": [4.106061204632782, 5.524979115751392, 4.652112690008266, 4.577256847862574, 5.310081822443859], "SVM_breast_nll": [0.2928564363167953, 0.24597918585273418, 0.2805601001917279, 0.27458729051584896, 0.27919448321118334], "SVM_breast_acc": [-0.9274725274725275, -0.9362637362637363, -0.9230769230769231, -0.9362637362637363, -0.9186813186813187], "DT_boston_mse": [31.77138521148994, 52.883280178104336, 39.88203868065034, 40.96483251284063, 46.26804168121184], "DT_wine_acc": [-0.38743842364532016, -0.38743842364532016, -0.8741379310344829, -0.38743842364532016, -0.6268472906403941]}},
"data": {"coords": {"iter": {"dims": ["iter"], "attrs": {}, "data": [0, 1, 2, 3, 4, 5, 6, 7, 8, 9, 10, 11, 12, 13, 14]}, "suggestion": {"dims": ["suggestion"], "attrs": {}, "data": [0]}, "function": {"dims": ["function"], "attrs": {}, "data": ["SVM_diabetes_mse"]}, "optimizer": {"dims": ["optimizer"], "attrs": {}, "data": ["GpyOpt_x.x.x_6434ac2", "RandomSearch_0.0.6_6434ac2"]}, "study_id": {"dims": ["study_id"], "attrs": {}, "data": [0, 1, 2]}}, "attrs": {}, "dims": {"function": 1, "iter": 15, "optimizer": 2, "study_id": 3, "suggestion": 1}, "data_vars": {"C": {"dims": ["iter", "suggestion", "function", "optimizer", "study_id"], "attrs": {}, "data": [[[[[200.92317043460798, 87.61492483814641, 134.44249190697226], [22.62039649918986, 54.65241211221332, 5.85896998133126]]]], [[[[2.4593497443920755, 9.218345303111322, 1.6467255418560234], [1.2276217371761364, 2.8144547268397693, 1.4724043962869517]]]], [[[[358.7204073177036, 102.65334634191983, 135.9645955191192], [27.43835782307191, 4.7235824503134225, 190.5794015635191]]]], [[[[2.2444698372972547, 199.2038893707489, 124.12392358359389], [52.599774837286446, 4.329869558145446, 9.651240529514984]]]], [[[[388.6766003494635, 503.6817489566578, 999.9999999999998], [668.607567718617, 3.480376625332462, 775.6324254118277]]]], [[[[999.9999999999998, 999.9999999999998, 999.9999999999998], [14.957063867211216, 1.4969478163554422, 79.2016163539075]]]], [[[[999.9999999999998, 999.9999999999998, 999.9999999999998], [3.2860883780507506, 417.1665715186945, 2.16138156966472]]]], [[[[999.9999999999998, 999.9999999999998, 999.9999999999998], [2.567887318177225, 22.319597176878712, 739.5950294421966]]]], [[[[717.6789439879719, 999.9999999999998, 999.9999999999998], [4.833271713910659, 27.953252023405252, 692.3820140769234]]]], [[[[999.9999999999998, 999.9999999999998, 999.9999999999998], [25.734560541898208, 25.136937380728302, 16.716301143445325]]]], [[[[999.9999999999998, 1.0, 1.0], [633.0847724537738, 242.6729670471537, 16.752255335369465]]]], [[[[999.9999999999998, 999.9999999999998, 999.9999999999998], [67.15231208376747, 10.881153244816675, 55.851219266582646]]]], [[[[1.0, 238.1936831958938, 1.0], [219.1134343610665, 119.45537294593966, 1.9790302136185842]]]], [[[[46.694530738617175, 1.0, 999.9999999999998], [50.841378727222825, 124.62294530568566, 18.303199342287282]]]], [[[[999.9999999999998, 999.9999999999998, 999.9999999999998], [3.0367268051849603, 11.351946243390369, 15.941804729922422]]]]]}, "gamma": {"dims": ["iter", "suggestion", "function", "optimizer", "study_id"], "attrs": {}, "data": [[[[[0.00012519513075858748, 0.0008244332447943373, 0.0009593590834558563], [0.00010602028428092071, 0.00018967270584798493, 0.0003298412267393023]]]], [[[[0.00019330473999864398, 0.00011309190388456487, 0.0009991617952186463], [0.00011101327009945654, 0.0001722238812609779, 0.00017084323460990475]]]], [[[[0.0002354049571469456, 0.0007874974330222422, 0.0008001738569823786], [0.0004971265227413448, 0.0002810100086573179, 0.0001391058443528617]]]], [[[[0.00021176760268397683, 0.0006500418514622261, 0.001], [0.0009799007845745463, 0.00026125192100282413, 0.00020536331990536513]]]], [[[[0.0005567743463857123, 0.0004980134039668972, 0.001], [0.00045165848885216206, 0.00020629607851975915, 0.0007915802701785002]]]], [[[[0.001, 0.0003125483618293861, 0.001], [0.00034936820522976024, 0.0003405323337818214, 0.0001357902924403785]]]], [[[[0.001, 0.0008158718287874371, 0.001], [0.0009602096306838833, 0.00043774186789376544, 0.00014781659809449444]]]], [[[[0.0006338134527898541, 0.001, 0.00010000000000000009], [0.00023388628925085958, 0.0002902793636483385, 0.0002926828840031494]]]], [[[[0.001, 0.001, 0.001], [0.0003121835619726446, 0.0007636812959967539, 0.00032048498064535306]]]], [[[[0.001, 0.00010000000000000009, 0.001], [0.0001242541143968868, 0.0005481620603480327, 0.0005157804209807611]]]], [[[[0.001, 0.001, 0.001], [0.00011294211484327537, 0.00034894644560965626, 0.0007469069355678751]]]], [[[[0.001, 0.001, 0.00010000000000000009], [0.0008277734213876956, 0.0007969830146616833, 0.00020905962686622168]]]], [[[[0.001, 0.001, 0.001], [0.00015896630150832611, 0.00010191436763398834, 0.00020259349818251205]]]], [[[[0.001, 0.001, 0.001], [0.00040065113480760336, 0.0006192507695342442, 0.00037112148137711555]]]], [[[[0.00010000000000000009, 0.001, 0.001], [0.000152898665769528, 0.000322169518645889, 0.0006339701544705971]]]]]}, "tol": {"dims": ["iter", "suggestion", "function", "optimizer", "study_id"], "attrs": {},