{"meta": {"args": {"-db-root": "/home/nd396/bbo_challenge_starter_kit/example_submissions/bo_ei/notebooks", "--opt-root": "/home/nd396/bbo_challenge_starter_kit/example_submissions/bo_ei", "--db": "bo_example_folder", "--jobs-file": null, "--ravel": false, "--verbose": false, "dry_run": false, "rev": "6434ac2", "opt_rev": null}, "signature": {"SVM_iris_acc": [-0.9416666666666668, -0.925, -0.9333333333333332, -0.9166666666666666, -0.95], "SVM_iris_nll": [0.18340364004896872, 0.19916576061820557, 0.18889086350719977, 0.2178619729974876, 0.16704970527526128], "SVM_diabetes_mae": [66.7030794042494, 66.71801256647014, 66.71209752277093, 66.72148253522825, 66.67771016915479], "SVM_wine_nll": [0.6580876899995837, 0.6834310605148202, 0.6595640034955849, 0.652998300988326, 0.6506838291358579], "SVM_wine_acc": [-0.7679802955665025, -0.7960591133004926, -0.7682266009852217, -0.7751231527093596, -0.7751231527093596], "SVM_diabetes_mse": [6311.133617630824, 6314.320562477834, 6313.0579470692, 6315.061315242339, 6305.723564805577], "DT_digits_acc": [-0.10716705381339528, -0.10716705381339528, -0.2693524970963995, -0.10716705381339528, -0.10716705381339528], "SVM_digits_nll": [0.08561350849410329, 0.09235525607538202, 0.08450569740366588, 0.08427289339816398, 0.08366304387103633], "SVM_digits_acc": [-0.9916473093302361, -0.9909552845528455, -0.9909528648857917, -0.9909504452187379, -0.9909528648857917], "DT_iris_nll": [0.4658269806206562, 1.096762342475508, 0.7271854969550956, 1.096762342475508, 0.5957165800853185], "DT_breast_nll": [0.34830753912871476, 0.6549205599224966, 0.3501583314770514, 0.6549205599224966, 0.3330173877345615], "DT_diabetes_mse": [4092.0038458213194, 4578.169057222841, 4450.2614150394975, 4270.674479667032, 4450.536277255496], "DT_iris_acc": [-0.6916666666666667, -0.36666666666666664, -0.9416666666666667, -0.36666666666666664, -0.6916666666666667], "DT_diabetes_mae": [52.256054629772926, 55.628571305668075, 54.51737126176194, 52.86719816807454, 55.451217952362754], "DT_wine_nll": [1.0920077176895173, 1.0920077176895173, 0.6312139825872078, 1.0920077176895173, 0.7662455199674583], "SVM_boston_mae": [3.738860805794821, 3.6309566962885995, 3.7771852702322706, 3.7296701089732, 3.823955841766589], "DT_breast_acc": [-0.8923076923076924, -0.6373626373626373, -0.8923076923076924, -0.6373626373626373, -0.887912087912088], "DT_digits_nll": [2.3016949627431273, 2.3016949627431273, 1.871363997026807, 2.3016949627431273, 2.3016949627431273], "SVM_boston_mse": [30.499793984130996, 29.99078616969417, 31.939414153269503, 32.47305167430328, 30.41843038142099], "DT_boston_mae": [4.106061204632782, 5.524979115751392, 4.652112690008266, 4.577256847862574, 5.310081822443859], "SVM_breast_nll": [0.2928564363167953, 0.24597918585273418, 0.2805601001917279, 0.27458729051584896, 0.27919448321118334], "SVM_breast_acc": [-0.9274725274725275, -0.9362637362637363, -0.9230769230769231, -0.9362637362637363, -0.9186813186813187], "DT_boston_mse": [31.77138521148994, 52.883280178104336, 39.88203868065034, 40.96483251284063, 46.26804168121184], "DT_wine_acc": [-0.38743842364532016, -0.38743842364532016, -0.8741379310344829, -0.38743842364532016, -0.6268472906403941]}},
"data": {"coords": {"iter": {"dims": ["iter"], "attrs": {}, "data": [0, 1, 2, 3, 4, 5, 6, 7, 8, 9, 10, 11, 12, 13, 14]}, "suggestion": {"dims": ["suggestion"], "attrs": {}, "data": [0]}, "function": {"dims": ["function"], "attrs": {}, "data": ["SVM_iris_nll"]}, "optimizer": {"dims": ["optimizer"], "attrs": {}, "data": ["GpyOpt_x.x.x_6434ac2", "RandomSearch_0.0.6_6434ac2"]}, "study_id": {"dims": ["study_id"], "attrs": {}, "data": [0, 1, 2]}}, "attrs": {}, "dims": {"function": 1, "iter": 15, "optimizer": 2, "study_id": 3, "suggestion": 1}, "data_vars": {"C": {"dims": ["iter", "suggestion", "function", "optimizer", "study_id"], "attrs": {}, "data": [[[[[1.6043946841481713, 1.5704941516962732, 406.25184826270237], [656.7003376624183, 38.97371895170428, 48.294167668408036]]]], [[[[1.6381429663381282, 32.56296912223431, 43.52642532991164], [2.131574311316797, 896.5283241804842, 41.420550868196294]]]], [[[[665.0640161877096, 261.5178336720296, 68.84563085534506], [15.068215782744913, 60.361644167745595, 7.19782144040735]]]], [[[[999.9999999999998, 37.06072946576966, 30.677439117054448], [462.16648947638544, 17.447486864279007, 1.1209876388774833]]]], [[[[999.9999999999998, 999.9999999999998, 5.9011499485217245], [10.630794427013207, 45.411786485584074, 4.391433278449275]]]], [[[[999.9999999999998, 999.9999999999998, 16.58250150289548], [5.640756642363192, 3.2707929556723165, 5.861934609402087]]]], [[[[999.9999999999998, 999.9999999999998, 690.874390234186], [40.15035568934424, 44.57704204183222, 1.3322848004437373]]]], [[[[999.9999999999998, 999.9999999999998, 397.2658172993243], [8.896242324130128, 24.584192962693763, 40.016259809838346]]]], [[[[999.9999999999998, 999.9999999999998, 308.8321738477901], [644.1309396669182, 2.4846149533664477, 746.1017023657467]]]], [[[[999.9999999999998, 999.9999999999998, 391.87541235960884], [17.883027033531075, 629.2406796087786, 945.6638126961578]]]], [[[[999.9999999999998, 442.50763377520036, 999.9999999999998], [3.6054270684031087, 6.644052794912935, 4.600954541686665]]]], [[[[999.9999999999998, 246.08524114928662, 999.9999999999998], [220.46215377687753, 439.41350955171174, 92.73862976147385]]]], [[[[999.9999999999998, 999.9999999999998, 999.9999999999998], [76.53120375216344, 5.794782992123041, 427.64026689720663]]]], [[[[999.9999999999998, 252.8947418124975, 999.9999999999998], [399.41662299818074, 397.46517185735905, 9.48435134293924]]]], [[[[282.67601941139145, 791.6835149872503, 272.8664906729771], [166.61354199443966, 82.12479605420586, 3.166762193968556]]]]]}, "gamma": {"dims": ["iter", "suggestion", "function", "optimizer", "study_id"], "attrs": {}, "data": [[[[[0.0001052938772255361, 0.0002285421396429133, 0.0006888150488666136], [0.00023124739333992602, 0.0004387558802421666, 0.0009266085612952006]]]], [[[[0.00023059525513464927, 0.0003614819751095768, 0.000585776503054846], [0.00059262192374647, 0.00054251212010669, 0.0006335941235828959]]]], [[[[0.00037748304522355495, 0.0009418530571122028, 0.0005240226862968204], [0.00045886330325214925, 0.0005225856205444924, 0.0001564651896444277]]]], [[[[0.001, 0.000363358929572243, 0.00011516380971077252], [0.0007452548775536393, 0.0003206193458301873, 0.000268275167205123]]]], [[[[0.001, 0.001, 0.0005693673915032231], [0.00043670902562352654, 0.0009288446001485368, 0.0007124980815963624]]]], [[[[0.00010000000000000009, 0.001, 0.0008967697214092549], [0.0004510472275955796, 0.00015790425068244206, 0.0001468823529042889]]]], [[[[0.00010000000000000009, 0.00010000000000000009, 0.00018931356179241926], [0.000387903977306914, 0.0009830595715152343, 0.00036403021336723544]]]], [[[[0.001, 0.00010000000000000009, 0.000336336448320186], [0.00026447247835146323, 0.00024210392386197666, 0.0007450568000723495]]]], [[[[0.00010000000000000009, 0.001, 0.001], [0.000232059037900689, 0.00014699134272843156, 0.0005364791297343567]]]], [[[[0.001, 0.001, 0.001], [0.0007864920773183652, 0.0003649790118704909, 0.00023141867939350367]]]], [[[[0.0003410069584521446, 0.00010000000000000009, 0.001], [0.00011335313041162182, 0.0001156890045477126, 0.00012759488338221704]]]], [[[[0.0005131022248268313, 0.001, 0.00010000000000000009], [0.00013316543226175997, 0.0004789293511594063, 0.00010241229145449808]]]], [[[[0.00034078394095850425, 0.00010000000000000009, 0.001], [0.000521055487507689, 0.00011962794050715592, 0.0002211229390712694]]]], [[[[0.001, 0.001, 0.00010000000000000009], [0.0001531307068842468, 0.0003960573628444642, 0.0003982623487441076]]]], [[[[0.001, 0.00041878018901924134, 0.001], [0.0008352962787194245, 0.0001729711516390823, 0.00012390915699236538]]]]]}, "tol": {"dims": ["iter", "suggestion", "function", "optimizer", "study_id"], "attrs": {},