{"meta": {"args": {"-db-root": "/home/nd396/bbo_challenge_starter_kit/example_submissions/bo_ei/notebooks", "--opt-root": "/home/nd396/bbo_challenge_starter_kit/example_submissions/bo_ei", "--db": "bo_example_folder", "--jobs-file": null, "--ravel": false, "--verbose": false, "dry_run": false, "rev": "6434ac2", "opt_rev": null}, "signature": {"SVM_iris_acc": [-0.9416666666666668, -0.925, -0.9333333333333332, -0.9166666666666666, -0.95], "SVM_iris_nll": [0.18340364004896872, 0.19916576061820557, 0.18889086350719977, 0.2178619729974876, 0.16704970527526128], "SVM_diabetes_mae": [66.7030794042494, 66.71801256647014, 66.71209752277093, 66.72148253522825, 66.67771016915479], "SVM_wine_nll": [0.6580876899995837, 0.6834310605148202, 0.6595640034955849, 0.652998300988326, 0.6506838291358579], "SVM_wine_acc": [-0.7679802955665025, -0.7960591133004926, -0.7682266009852217, -0.7751231527093596, -0.7751231527093596], "SVM_diabetes_mse": [6311.133617630824, 6314.320562477834, 6313.0579470692, 6315.061315242339, 6305.723564805577], "DT_digits_acc": [-0.10716705381339528, -0.10716705381339528, -0.2693524970963995, -0.10716705381339528, -0.10716705381339528], "SVM_digits_nll": [0.08561350849410329, 0.09235525607538202, 0.08450569740366588, 0.08427289339816398, 0.08366304387103633], "SVM_digits_acc": [-0.9916473093302361, -0.9909552845528455, -0.9909528648857917, -0.9909504452187379, -0.9909528648857917], "DT_iris_nll": [0.4658269806206562, 1.096762342475508, 0.7271854969550956, 1.096762342475508, 0.5957165800853185], "DT_breast_nll": [0.34830753912871476, 0.6549205599224966, 0.3501583314770514, 0.6549205599224966, 0.3330173877345615], "DT_diabetes_mse": [4092.0038458213194, 4578.169057222841, 4450.2614150394975, 4270.674479667032, 4450.536277255496], "DT_iris_acc": [-0.6916666666666667, -0.36666666666666664, -0.9416666666666667, -0.36666666666666664, -0.6916666666666667], "DT_diabetes_mae": [52.256054629772926, 55.628571305668075, 54.51737126176194, 52.86719816807454, 55.451217952362754], "DT_wine_nll": [1.0920077176895173, 1.0920077176895173, 0.6312139825872078, 1.0920077176895173, 0.7662455199674583], "SVM_boston_mae": [3.738860805794821, 3.6309566962885995, 3.7771852702322706, 3.7296701089732, 3.823955841766589], "DT_breast_acc": [-0.8923076923076924, -0.6373626373626373, -0.8923076923076924, -0.6373626373626373, -0.887912087912088], "DT_digits_nll": [2.3016949627431273, 2.3016949627431273, 1.871363997026807, 2.3016949627431273, 2.3016949627431273], "SVM_boston_mse": [30.499793984130996, 29.99078616969417, 31.939414153269503, 32.47305167430328, 30.41843038142099], "DT_boston_mae": [4.106061204632782, 5.524979115751392, 4.652112690008266, 4.577256847862574, 5.310081822443859], "SVM_breast_nll": [0.2928564363167953, 0.24597918585273418, 0.2805601001917279, 0.27458729051584896, 0.27919448321118334], "SVM_breast_acc": [-0.9274725274725275, -0.9362637362637363, -0.9230769230769231, -0.9362637362637363, -0.9186813186813187], "DT_boston_mse": [31.77138521148994, 52.883280178104336, 39.88203868065034, 40.96483251284063, 46.26804168121184], "DT_wine_acc": [-0.38743842364532016, -0.38743842364532016, -0.8741379310344829, -0.38743842364532016, -0.6268472906403941]}},
"data": {"coords": {"iter": {"dims": ["iter"], "attrs": {}, "data": [0, 1, 2, 3, 4, 5, 6, 7, 8, 9, 10, 11, 12, 13, 14]}, "suggestion": {"dims": ["suggestion"], "attrs": {}, "data": [0]}, "function": {"dims": ["function"], "attrs": {}, "data": ["SVM_boston_mae"]}, "optimizer": {"dims": ["optimizer"], "attrs": {}, "data": ["GpyOpt_x.x.x_6434ac2", "RandomSearch_0.0.6_6434ac2"]}, "study_id": {"dims": ["study_id"], "attrs": {}, "data": [0, 1, 2]}}, "attrs": {}, "dims": {"function": 1, "iter": 15, "optimizer": 2, "study_id": 3, "suggestion": 1}, "data_vars": {"C": {"dims": ["iter", "suggestion", "function", "optimizer", "study_id"], "attrs": {}, "data": [[[[[5.297833351594721, 769.2080912875531, 110.0881821166593], [496.3211313956371, 493.2753826372454, 40.724391418929976]]]], [[[[2.0153495527635297, 369.02367884230483, 183.54417288711295], [737.6843187125287, 2.774318826571419, 5.967304696381057]]]], [[[[7.663621119308225, 17.47732800126969, 26.03235673320646], [211.79004398012304, 12.485867601246946, 1.8294063629819566]]]], [[[[528.8741342835909, 135.6264443728775, 217.96659991481295], [613.9777630445011, 535.2825870407224, 776.2037654702797]]]], [[[[96.28481859644728, 675.925846278564, 152.88097206645395], [190.50803209829579, 235.8463549247614, 13.430968694501429]]]], [[[[102.49211372037212, 914.2414964431894, 136.37946699324598], [6.722619358036791, 1.565447216369459, 18.774215804683774]]]], [[[[392.73501413423315, 999.9999999999998, 181.64362761075324], [18.608546564520644, 23.312927006814412, 219.741205311323]]]], [[[[999.9999999999998, 999.9999999999998, 328.0595525243178], [142.81329606011136, 209.60117955634584, 14.257312011217817]]]], [[[[999.9999999999998, 1.0, 770.8758605327646], [15.407246737338125, 132.34014002328928, 42.95369041256914]]]], [[[[999.9999999999998, 1.0, 999.9999999999998], [142.72610111385086, 16.20413376649553, 45.15620609137163]]]], [[[[999.9999999999998, 999.9999999999998, 999.9999999999998], [281.90717400173827, 775.4670420573517, 8.09064536428657]]]], [[[[234.76308272375246, 999.9999999999998, 999.9999999999998], [96.04474762839557, 5.794761749410338, 554.2143140344892]]]], [[[[999.9999999999998, 999.9999999999998, 999.9999999999998], [9.938352897566613, 6.6889956140152895, 1.977024474904155]]]], [[[[999.9999999999998, 999.9999999999998, 999.9999999999998], [2.240402689325023, 22.289700393363994, 62.258704371616936]]]], [[[[999.9999999999998, 999.9999999999998, 999.9999999999998], [709.8648200316288, 89.45846773819103, 25.92268398750156]]]]]}, "gamma": {"dims": ["iter", "suggestion", "function", "optimizer", "study_id"], "attrs": {},