{"meta": {"args": {"-db-root": "/home/nd396/bbo_challenge_starter_kit/example_submissions/bo_ei/notebooks", "--opt-root": "/home/nd396/bbo_challenge_starter_kit/example_submissions/bo_ei", "--db": "bo_example_folder", "--jobs-file": null, "--ravel": false, "--verbose": false, "dry_run": false, "rev": "6434ac2", "opt_rev": null}, "signature": {"SVM_iris_acc": [-0.9416666666666668, -0.925, -0.9333333333333332, -0.9166666666666666, -0.95], "SVM_iris_nll": [0.18340364004896872, 0.19916576061820557, 0.18889086350719977, 0.2178619729974876, 0.16704970527526128], "SVM_diabetes_mae": [66.7030794042494, 66.71801256647014, 66.71209752277093, 66.72148253522825, 66.67771016915479], "SVM_wine_nll": [0.6580876899995837, 0.6834310605148202, 0.6595640034955849, 0.652998300988326, 0.6506838291358579], "SVM_wine_acc": [-0.7679802955665025, -0.7960591133004926, -0.7682266009852217, -0.7751231527093596, -0.7751231527093596], "SVM_diabetes_mse": [6311.133617630824, 6314.320562477834, 6313.0579470692, 6315.061315242339, 6305.723564805577], "DT_digits_acc": [-0.10716705381339528, -0.10716705381339528, -0.2693524970963995, -0.10716705381339528, -0.10716705381339528], "SVM_digits_nll": [0.08561350849410329, 0.09235525607538202, 0.08450569740366588, 0.08427289339816398, 0.08366304387103633], "SVM_digits_acc": [-0.9916473093302361, -0.9909552845528455, -0.9909528648857917, -0.9909504452187379, -0.9909528648857917], "DT_iris_nll": [0.4658269806206562, 1.096762342475508, 0.7271854969550956, 1.096762342475508, 0.5957165800853185], "DT_breast_nll": [0.34830753912871476, 0.6549205599224966, 0.3501583314770514, 0.6549205599224966, 0.3330173877345615], "DT_diabetes_mse": [4092.0038458213194, 4578.169057222841, 4450.2614150394975, 4270.674479667032, 4450.536277255496], "DT_iris_acc": [-0.6916666666666667, -0.36666666666666664, -0.9416666666666667, -0.36666666666666664, -0.6916666666666667], "DT_diabetes_mae": [52.256054629772926, 55.628571305668075, 54.51737126176194, 52.86719816807454, 55.451217952362754], "DT_wine_nll": [1.0920077176895173, 1.0920077176895173, 0.6312139825872078, 1.0920077176895173, 0.7662455199674583], "SVM_boston_mae": [3.738860805794821, 3.6309566962885995, 3.7771852702322706, 3.7296701089732, 3.823955841766589], "DT_breast_acc": [-0.8923076923076924, -0.6373626373626373, -0.8923076923076924, -0.6373626373626373, -0.887912087912088], "DT_digits_nll": [2.3016949627431273, 2.3016949627431273, 1.871363997026807, 2.3016949627431273, 2.3016949627431273], "SVM_boston_mse": [30.499793984130996, 29.99078616969417, 31.939414153269503, 32.47305167430328, 30.41843038142099], "DT_boston_mae": [4.106061204632782, 5.524979115751392, 4.652112690008266, 4.577256847862574, 5.310081822443859], "SVM_breast_nll": [0.2928564363167953, 0.24597918585273418, 0.2805601001917279, 0.27458729051584896, 0.27919448321118334], "SVM_breast_acc": [-0.9274725274725275, -0.9362637362637363, -0.9230769230769231, -0.9362637362637363, -0.9186813186813187], "DT_boston_mse": [31.77138521148994, 52.883280178104336, 39.88203868065034, 40.96483251284063, 46.26804168121184], "DT_wine_acc": [-0.38743842364532016, -0.38743842364532016, -0.8741379310344829, -0.38743842364532016, -0.6268472906403941]}},
"data": {"coords": {"iter": {"dims": ["iter"], "attrs": {}, "data": [0, 1, 2, 3, 4, 5, 6, 7, 8, 9, 10, 11, 12, 13, 14]}, "suggestion": {"dims": ["suggestion"], "attrs": {}, "data": [0]}, "function": {"dims": ["function"], "attrs": {}, "data": ["SVM_boston_mse"]}, "optimizer": {"dims": ["optimizer"], "attrs": {}, "data": ["GpyOpt_x.x.x_6434ac2", "RandomSearch_0.0.6_6434ac2"]}, "study_id": {"dims": ["study_id"], "attrs": {}, "data": [0, 1, 2]}}, "attrs": {}, "dims": {"function": 1, "iter": 15, "optimizer": 2, "study_id": 3, "suggestion": 1}, "data_vars": {"C": {"dims": ["iter", "suggestion", "function", "optimizer", "study_id"], "attrs": {}, "data": [[[[[870.1288865398689, 35.24713429018584, 14.539137413398803], [4.934218161910877, 353.35340124857134, 14.586699951667683]]]], [[[[5.0693728261288316, 141.3481109424886, 119.65629474247132], [1.2957964050755995, 287.1545761430843, 67.7549148186834]]]], [[[[15.85299937116369, 145.8654802599528, 38.56664624233383], [34.60922609796187, 27.212927326358237, 721.8745260395046]]]], [[[[25.60190597733636, 114.51565674488279, 137.27499478786], [9.585382338127808, 296.2802957405797, 1.1860200429276235]]]], [[[[415.86757800006285, 120.36259765274231, 999.9999999999998], [1.4236809105740187, 736.218437760319, 3.1591162747194854]]]], [[[[278.3610595065782, 366.6751207851078, 112.85144845789209], [23.39230587826878, 65.66057667386976, 182.52576384387254]]]], [[[[328.9983205346634, 999.9999999999998, 40.868114396002014], [9.266267420419847, 2.7178402648750173, 16.913422076998287]]]], [[[[999.9999999999998, 1.0, 56.480049960608085], [1.201911559230635, 374.5408582182979, 66.40541472457353]]]], [[[[999.9999999999998, 999.9999999999998, 134.24414872231867], [1.9138850761353539, 7.029674485539879, 811.5707569721953]]]], [[[[999.9999999999998, 1.0, 176.72836184120854], [2.608961996186098, 2.232648702505762, 1.3832064285285484]]]], [[[[999.9999999999998, 999.9999999999998, 450.7715335091268], [13.059971258923264, 242.11784536910582, 12.529137641576176]]]], [[[[1.0, 999.9999999999998, 999.9999999999998], [22.27769783072555, 751.4417135334545, 120.14925986707553]]]], [[[[999.9999999999998, 999.9999999999998, 999.9999999999998], [4.794812597780523, 32.51713777091922, 38.13675334386068]]]], [[[[225.98246126001106, 999.9999999999998, 513.1370797964317], [108.4122501266202, 4.338362794684686, 29.018626390897694]]]], [[[[999.9999999999998, 999.9999999999998, 1.0], [838.2416692242624, 2.491847735872788, 1.4770076886575154]]]]]}, "gamma": {"dims": ["iter", "suggestion", "function", "optimizer", "study_id"], "attrs": {}, "data": [[[[[0.0007892044189858169, 0.0007229279744335983, 0.0005807663480639428], [0.000929540404634405, 0.0001398582812718514, 0.0006746368255443426]]]], [[[[0.0004629315266515353, 0.00017116634879234857, 0.0005139543517380451], [0.00014845282564898346, 0.0008810548935979663, 0.00020860048480401136]]]], [[[[0.0009900122019229417, 0.00017132285913051972, 0.0004691070040980613], [0.00011135722008315287, 0.0009712953817704854, 0.00086168102718115]]]], [[[[0.00031678683756306074, 0.00010000000000000009, 0.00029141747782624583], [0.00020422608322026746, 0.0005402476770256367, 0.00011211705295458749]]]], [[[[0.0001028845165126349, 0.00010000000000000009, 0.001], [0.00012033566503266005, 0.00034068793896286595, 0.00032668047567759067]]]], [[[[0.00010000000000000009, 0.00010000000000000009, 0.0002962468605296626], [0.00012512903694056527, 0.00038921066469916216, 0.00044048682576169196]]]], [[[[0.00010000000000000009, 0.00010000000000000009, 0.0001477123201103288], [0.00012627447435743184, 0.0006349142717269785, 0.000446551777386892]]]], [[[[0.00010000000000000009, 0.00010000000000000009, 0.0005504263049303936], [0.0006479601132417656, 0.00014845654659062003, 0.0009786613056431324]]]], [[[[0.00010000000000000009, 0.001, 0.0001346916200037242], [0.0004081644243818309, 0.00020822504176543676, 0.00019643981508496742]]]], [[[[0.001, 0.00010000000000000009, 0.00010000000000000009], [0.0001028696687151488, 0.00019159083014732423, 0.0006357963335337067]]]], [[[[0.00010000000000000009, 0.00010000000000000009, 0.00010000000000000009], [0.0002831605970397264, 0.0009459036706646315, 0.0006499345274448177]]]], [[[[0.00010000000000000009, 0.00010000000000000009, 0.00010000000000000009], [0.00036353854653787404, 0.0006774049632013182, 0.0008596119972516454]]]], [[[[0.00010000000000000009, 0.001, 0.00010000000000000009], [0.0005894534663800625, 0.0008398688059527398, 0.0002083333125375511]]]], [[[[0.00010000000000000009, 0.00010000000000000009, 0.00010000000000000009], [0.00010206148087119449, 0.0003801124277632368, 0.0007027108741774549]]]], [[[[0.00010000000000000009, 0.00010000000000000009, 0.001], [0.00031828458731248093, 0.0005238763345642231, 0.00021064251809356385]]]]]},