{"meta": {"args": {"-db-root": "/home/nd396/bbo_challenge_starter_kit/example_submissions/bo_ei/notebooks", "--opt-root": "/home/nd396/bbo_challenge_starter_kit/example_submissions/bo_ei", "--db": "bo_example_folder", "--jobs-file": null, "--ravel": false, "--verbose": false, "dry_run": false, "rev": "6434ac2", "opt_rev": null}, "signature": {"SVM_iris_acc": [-0.9416666666666668, -0.925, -0.9333333333333332, -0.9166666666666666, -0.95], "SVM_iris_nll": [0.18340364004896872, 0.19916576061820557, 0.18889086350719977, 0.2178619729974876, 0.16704970527526128], "SVM_diabetes_mae": [66.7030794042494, 66.71801256647014, 66.71209752277093, 66.72148253522825, 66.67771016915479], "SVM_wine_nll": [0.6580876899995837, 0.6834310605148202, 0.6595640034955849, 0.652998300988326, 0.6506838291358579], "SVM_wine_acc": [-0.7679802955665025, -0.7960591133004926, -0.7682266009852217, -0.7751231527093596, -0.7751231527093596], "SVM_diabetes_mse": [6311.133617630824, 6314.320562477834, 6313.0579470692, 6315.061315242339, 6305.723564805577], "DT_digits_acc": [-0.10716705381339528, -0.10716705381339528, -0.2693524970963995, -0.10716705381339528, -0.10716705381339528], "SVM_digits_nll": [0.08561350849410329, 0.09235525607538202, 0.08450569740366588, 0.08427289339816398, 0.08366304387103633], "SVM_digits_acc": [-0.9916473093302361, -0.9909552845528455, -0.9909528648857917, -0.9909504452187379, -0.9909528648857917], "DT_iris_nll": [0.4658269806206562, 1.096762342475508, 0.7271854969550956, 1.096762342475508, 0.5957165800853185], "DT_breast_nll": [0.34830753912871476, 0.6549205599224966, 0.3501583314770514, 0.6549205599224966, 0.3330173877345615], "DT_diabetes_mse": [4092.0038458213194, 4578.169057222841, 4450.2614150394975, 4270.674479667032, 4450.536277255496], "DT_iris_acc": [-0.6916666666666667, -0.36666666666666664, -0.9416666666666667, -0.36666666666666664, -0.6916666666666667], "DT_diabetes_mae": [52.256054629772926, 55.628571305668075, 54.51737126176194, 52.86719816807454, 55.451217952362754], "DT_wine_nll": [1.0920077176895173, 1.0920077176895173, 0.6312139825872078, 1.0920077176895173, 0.7662455199674583], "SVM_boston_mae": [3.738860805794821, 3.6309566962885995, 3.7771852702322706, 3.7296701089732, 3.823955841766589], "DT_breast_acc": [-0.8923076923076924, -0.6373626373626373, -0.8923076923076924, -0.6373626373626373, -0.887912087912088], "DT_digits_nll": [2.3016949627431273, 2.3016949627431273, 1.871363997026807, 2.3016949627431273, 2.3016949627431273], "SVM_boston_mse": [30.499793984130996, 29.99078616969417, 31.939414153269503, 32.47305167430328, 30.41843038142099], "DT_boston_mae": [4.106061204632782, 5.524979115751392, 4.652112690008266, 4.577256847862574, 5.310081822443859], "SVM_breast_nll": [0.2928564363167953, 0.24597918585273418, 0.2805601001917279, 0.27458729051584896, 0.27919448321118334], "SVM_breast_acc": [-0.9274725274725275, -0.9362637362637363, -0.9230769230769231, -0.9362637362637363, -0.9186813186813187], "DT_boston_mse": [31.77138521148994, 52.883280178104336, 39.88203868065034, 40.96483251284063, 46.26804168121184], "DT_wine_acc": [-0.38743842364532016, -0.38743842364532016, -0.8741379310344829, -0.38743842364532016, -0.6268472906403941]}},
"data": {"coords": {"iter": {"dims": ["iter"], "attrs": {}, "data": [0, 1, 2, 3, 4, 5, 6, 7, 8, 9, 10, 11, 12, 13, 14]}, "suggestion": {"dims": ["suggestion"], "attrs": {}, "data": [0]}, "function": {"dims": ["function"], "attrs": {}, "data": ["SVM_diabetes_mae"]}, "optimizer": {"dims": ["optimizer"], "attrs": {}, "data": ["GpyOpt_x.x.x_6434ac2", "RandomSearch_0.0.6_6434ac2"]}, "study_id": {"dims": ["study_id"], "attrs": {}, "data": [0, 1, 2]}}, "attrs": {}, "dims": {"function": 1, "iter": 15, "optimizer": 2, "study_id": 3, "suggestion": 1}, "data_vars": {"C": {"dims": ["iter", "suggestion", "function", "optimizer", "study_id"], "attrs": {}, "data": [[[[[4.73939094641695, 3.3696666124974186, 1.1200389147496086], [963.6012068831961, 128.52158239793414, 26.66082243787823]]]], [[[[1.668758006869554, 240.61979531654242, 7.757597806715095], [167.47313466553862, 13.44239061903428, 1.3149969992173924]]]], [[[[652.2892920909184, 254.48739841836695, 18.07531584780503], [24.216765278123084, 94.38169418332048, 12.25219374035514]]]], [[[[999.9999999999998, 303.5498911113481, 9.92948421298546], [6.787364012030057, 66.74731675628333, 88.93228513294521]]]], [[[[980.2752878521813, 398.72077660007216, 31.579125892332623], [3.1330661539301854, 37.981259147779774, 35.386473146043954]]]], [[[[999.9999999999998, 624.4323854600076, 48.65060442269161], [12.077162794643286, 30.263022986236752, 92.8167485288236]]]], [[[[999.9999999999998, 999.9999999999998, 102.98387207221063], [285.8481755593168, 461.98001158009527, 65.95318269636157]]]], [[[[999.9999999999998, 999.9999999999998, 282.5732801798125], [716.055806279659, 31.863952685014052, 145.34411885884347]]]], [[[[287.44260014776904, 999.9999999999998, 886.7645295138326], [69.73865799435092, 8.592438379909627, 157.75234962979673]]]], [[[[999.9999999999998, 46.68766860866344, 999.9999999999998], [119.77331212865946, 11.105617885576235, 28.595898282572023]]]], [[[[999.9999999999998, 999.9999999999998, 999.9999999999998], [1.7430792122723098, 581.0264508686146, 223.61019313906095]]]], [[[[1.0, 999.9999999999998, 999.9999999999998], [10.941067592249846, 4.253990643841247, 716.3374281134127]]]], [[[[999.9999999999998, 999.9999999999998, 999.9999999999998], [4.691068245007518, 295.09668674646673, 5.026427490276911]]]], [[[[162.72127444668203, 999.9999999999998, 999.9999999999998], [31.12338309597093, 293.4111603992263, 458.59512670619523]]]], [[[[999.9999999999998, 1.0, 1.0], [568.0676796111499, 1.0609713240318683, 583.9188291101891]]]]]}, "gamma": {"dims": ["iter", "suggestion", "function", "optimizer", "study_id"], "attrs": {}, "data": [[[[[0.0001064990834221351, 0.0008360542399910531, 0.0004467282856392206], [0.0006191944492887428, 0.00023442499839013421, 0.0005963993505226493]]]], [[[[0.0001389388514603996, 0.0001270697569278933, 0.0006700111567572426], [0.0008841049892767437, 0.00025745362973882374, 0.0009898575578156416]]]], [[[[0.00021421391923979576, 0.00013790146341689105, 0.00021286355850786296], [0.0002798790919012077, 0.00019631938308528282, 0.00023055012256598218]]]], [[[[0.0006214818515530508, 0.00017836920178683304, 0.0005067745522558862], [0.00036105430272226547, 0.0009638784706343611, 0.00016266886713686102]]]], [[[[0.0006203307791521909, 0.00026281481678007933, 0.001], [0.0008433686201496427, 0.0004712699666074669, 0.0003951153829072506]]]], [[[[0.001, 0.0004713933634950754, 0.001], [0.0007662972471976458, 0.00016830851449684486, 0.0009962168191528474]]]], [[[[0.001, 0.001, 0.001], [0.00017258821015594687, 0.00022764592717422082, 0.00018631733162942376]]]], [[[[0.001, 0.001, 0.001], [0.000619370027222363, 0.00010980012962187655, 0.0003069600282041062]]]], [[[[0.001, 0.001, 0.001], [0.00010480149766242486, 0.00021050963146363637, 0.0007012098109406412]]]], [[[[0.001, 0.001, 0.001], [0.00037426558154131655, 0.0009531888168863063, 0.00015675375221858165]]]], [[[[0.0002080221296340151, 0.001, 0.000324379985494987], [0.00010788267716037738, 0.000542825295237237, 0.00018276341839604918]]]], [[[[0.001, 0.001, 0.001], [0.00043912605547909205, 0.0005038158147952357, 0.00041979955834686695]]]], [[[[0.001, 0.00010000000000000009, 0.001], [0.0009513469824572559, 0.0003039382474567234, 0.00014949763107305024]]]], [[[[0.001, 0.001, 0.00010000000000000009], [0.00018099476826920037, 0.0006612327414417921, 0.00018648542165489656]]]], [[[[0.001, 0.00010000000000000009, 0.001], [0.0002056985796277777, 0.0004827112750261655, 0.00043238798198375994]]]]]}, "tol": {"dims": ["iter", "suggestion", "function", "optimizer", "study_id"], "attrs": {},