{"meta": {"args": {"-db-root": "/home/nd396/bbo_challenge_starter_kit/example_submissions/bo_ei/notebooks", "--opt-root": "/home/nd396/bbo_challenge_starter_kit/example_submissions/bo_ei", "--db": "bo_example_folder", "--jobs-file": null, "--ravel": false, "--verbose": false, "dry_run": false, "rev": "6434ac2", "opt_rev": null}, "signature": {"SVM_iris_acc": [-0.9416666666666668, -0.925, -0.9333333333333332, -0.9166666666666666, -0.95], "SVM_iris_nll": [0.18340364004896872, 0.19916576061820557, 0.18889086350719977, 0.2178619729974876, 0.16704970527526128], "SVM_diabetes_mae": [66.7030794042494, 66.71801256647014, 66.71209752277093, 66.72148253522825, 66.67771016915479], "SVM_wine_nll": [0.6580876899995837, 0.6834310605148202, 0.6595640034955849, 0.652998300988326, 0.6506838291358579], "SVM_wine_acc": [-0.7679802955665025, -0.7960591133004926, -0.7682266009852217, -0.7751231527093596, -0.7751231527093596], "SVM_diabetes_mse": [6311.133617630824, 6314.320562477834, 6313.0579470692, 6315.061315242339, 6305.723564805577], "DT_digits_acc": [-0.10716705381339528, -0.10716705381339528, -0.2693524970963995, -0.10716705381339528, -0.10716705381339528], "SVM_digits_nll": [0.08561350849410329, 0.09235525607538202, 0.08450569740366588, 0.08427289339816398, 0.08366304387103633], "SVM_digits_acc": [-0.9916473093302361, -0.9909552845528455, -0.9909528648857917, -0.9909504452187379, -0.9909528648857917], "DT_iris_nll": [0.4658269806206562, 1.096762342475508, 0.7271854969550956, 1.096762342475508, 0.5957165800853185], "DT_breast_nll": [0.34830753912871476, 0.6549205599224966, 0.3501583314770514, 0.6549205599224966, 0.3330173877345615], "DT_diabetes_mse": [4092.0038458213194, 4578.169057222841, 4450.2614150394975, 4270.674479667032, 4450.536277255496], "DT_iris_acc": [-0.6916666666666667, -0.36666666666666664, -0.9416666666666667, -0.36666666666666664, -0.6916666666666667], "DT_diabetes_mae": [52.256054629772926, 55.628571305668075, 54.51737126176194, 52.86719816807454, 55.451217952362754], "DT_wine_nll": [1.0920077176895173, 1.0920077176895173, 0.6312139825872078, 1.0920077176895173, 0.7662455199674583], "SVM_boston_mae": [3.738860805794821, 3.6309566962885995, 3.7771852702322706, 3.7296701089732, 3.823955841766589], "DT_breast_acc": [-0.8923076923076924, -0.6373626373626373, -0.8923076923076924, -0.6373626373626373, -0.887912087912088], "DT_digits_nll": [2.3016949627431273, 2.3016949627431273, 1.871363997026807, 2.3016949627431273, 2.3016949627431273], "SVM_boston_mse": [30.499793984130996, 29.99078616969417, 31.939414153269503, 32.47305167430328, 30.41843038142099], "DT_boston_mae": [4.106061204632782, 5.524979115751392, 4.652112690008266, 4.577256847862574, 5.310081822443859], "SVM_breast_nll": [0.2928564363167953, 0.24597918585273418, 0.2805601001917279, 0.27458729051584896, 0.27919448321118334], "SVM_breast_acc": [-0.9274725274725275, -0.9362637362637363, -0.9230769230769231, -0.9362637362637363, -0.9186813186813187], "DT_boston_mse": [31.77138521148994, 52.883280178104336, 39.88203868065034, 40.96483251284063, 46.26804168121184], "DT_wine_acc": [-0.38743842364532016, -0.38743842364532016, -0.8741379310344829, -0.38743842364532016, -0.6268472906403941]}},
"data": {"coords": {"iter": {"dims": ["iter"], "attrs": {}, "data": [0, 1, 2, 3, 4, 5, 6, 7, 8, 9, 10, 11, 12, 13, 14]}, "suggestion": {"dims": ["suggestion"], "attrs": {}, "data": [0]}, "function": {"dims": ["function"], "attrs": {}, "data": ["SVM_digits_acc"]}, "optimizer": {"dims": ["optimizer"], "attrs": {}, "data": ["GpyOpt_x.x.x_6434ac2", "RandomSearch_0.0.6_6434ac2"]}, "study_id": {"dims": ["study_id"], "attrs": {}, "data": [0, 1, 2]}}, "attrs": {}, "dims": {"function": 1, "iter": 15, "optimizer": 2, "study_id": 3, "suggestion": 1}, "data_vars": {"C": {"dims": ["iter", "suggestion", "function", "optimizer", "study_id"], "attrs": {}, "data": [[[[[2.6683877516271974, 739.40552433917, 217.89520982395263], [5.139981059257415, 67.50070293789906, 34.79285023206281]]]], [[[[8.202516591901238, 51.59473076717762, 2.4756933474474665], [24.447331230539948, 414.3858912717952, 2.7368050990034996]]]], [[[[7.818186229713249, 55.11134778226008, 138.1945166636809], [13.368185901271225, 82.49330075997854, 102.69359303923142]]]], [[[[1.6405232479027694, 2.3937092604449086, 2.2848363458381855], [1.115941752467165, 3.1986043098339763, 493.01391648715367]]]], [[[[1.052300644630958, 1.0, 1.0], [652.8402316785551, 3.5550034594137405, 195.60223373552705]]]], [[[[9.08211999538673, 12.551517827302924, 5.4705083264463905], [2.878752239838903, 5.664183730605119, 76.60306267022784]]]], [[[[2.251845659330282, 1.6827311413795223, 2.2588949231120066], [566.843589484811, 470.6390548078148, 12.732917895763117]]]], [[[[8.312825017676817, 27.20932165403556, 2.2982812273445083], [11.024412565455998, 595.3605754176244, 2.8888525041586828]]]], [[[[9.41008541137886, 1.453608360288895, 2.490170223494032], [15.069610438205789, 209.46614423709633, 2.1263084265623338]]]], [[[[11.806911150461643, 5.98808970178823, 2.1316673940781095], [735.0141432299569, 1.011715383582039, 8.608456248180227]]]], [[[[12.576328185730402, 3.566904494519694, 2.6576521426312247], [2.261347989358662, 42.833586543595764, 56.22448358145536]]]], [[[[11.86260706044886, 999.9999999999998, 3.8414073824865675], [13.25289444785024, 3.0342238678250255, 7.698066930073384]]]], [[[[12.299599120367851, 999.9999999999998, 1.9798129638241178], [23.620675691500814, 14.893918264993376, 67.79256749448446]]]], [[[[9.988815767851408, 999.9999999999998, 2.1482049893532906], [1.7674171363211109, 900.4514522274701, 3.235149106555158]]]], [[[[7.237596099917219, 1.0, 1.158385314446305], [11.758235353589814, 76.98583082615048, 92.33490247195954]]]]]}, "gamma": {"dims": ["iter", "suggestion", "function", "optimizer", "study_id"], "attrs": {}, "data": [[[[[0.0005701630519795169, 0.00013497921930254064, 0.00011622546217539152], [0.0006938427116150652, 0.0005096576046140385, 0.00012046054960683176]]]], [[[[0.0003693403182623641, 0.0007986078996977984, 0.0007294293870602652], [0.00031903587789890706, 0.00036489413004618253, 0.00013084526647350384]]]], [[[[0.00034939069629360035, 0.0008208752997282087, 0.00014514178909464227], [0.0006169918776338458, 0.000678966582369024, 0.0008497905570595187]]]], [[[[0.0005281688094255278, 0.001, 0.0006918097469155173], [0.00021063667696795613, 0.0005867122589475026, 0.0003066451790331088]]]], [[[[0.0004924258820552355, 0.00010000000000000009, 0.001], [0.00021913909029097492, 0.00045139554580767276, 0.00015594389052694447]]]], [[[[0.0004155442961562316, 0.001, 0.0008206775743925923], [0.00047205485821589333, 0.0007254346761694818, 0.00032458559897566877]]]], [[[[0.0005552137549341261, 0.001, 0.0003888655048822286], [0.00024104255756614003, 0.0009983535717511284, 0.00015706993428569367]]]], [[[[0.0004951469580916552, 0.001, 0.0009121182911273798], [0.0008237598864622434, 0.0007726841749191397, 0.0002531053965797144]]]], [[[[0.0004584672755211623, 0.001, 0.0006507724333737895], [0.00010630434694451331, 0.00038790947930891203, 0.0007231999750604911]]]], [[[[0.000389657701707114, 0.0001328069074937717, 0.0006693271267408525], [0.0006315462241753574, 0.00034223323725436703, 0.0006977296766698036]]]], [[[[0.0005424181496171492, 0.001, 0.0007267175768885862], [0.00025182561055806896, 0.0001503223130381325, 0.00015498211173889945]]]], [[[[0.0003814318893345969, 0.001, 0.0007817124906588335], [0.0006808135182408205, 0.00045291986494769775, 0.00012998277519578314]]]], [[[[0.0003672766540615016, 0.001, 0.0005772350929752979], [0.0001649073587298256, 0.0006085384282237665, 0.00012917017217793048]]]], [[[[0.0004119150987733826, 0.001, 0.0007431969063266088], [0.0001557767162455254, 0.00017440048151690183, 0.0005776778835308563]]]], [[[[0.0006018133541768481, 0.001, 0.0009203038848418952], [0.00031599128154280573, 0.0002623071577204269, 0.00018727980548934964]]]]]}, "tol": {"dims": ["iter", "suggestion", "function", "optimizer", "study_id"], "attrs": {},