{"meta": {"args": {"-db-root": "/home/nd396/bbo_challenge_starter_kit/example_submissions/bo_ei/notebooks", "--opt-root": "/home/nd396/bbo_challenge_starter_kit/example_submissions/bo_ei", "--db": "bo_example_folder", "--jobs-file": null, "--ravel": false, "--verbose": false, "dry_run": false, "rev": "6434ac2", "opt_rev": null}, "signature": {"SVM_iris_acc": [-0.9416666666666668, -0.925, -0.9333333333333332, -0.9166666666666666, -0.95], "SVM_iris_nll": [0.18340364004896872, 0.19916576061820557, 0.18889086350719977, 0.2178619729974876, 0.16704970527526128], "SVM_diabetes_mae": [66.7030794042494, 66.71801256647014, 66.71209752277093, 66.72148253522825, 66.67771016915479], "SVM_wine_nll": [0.6580876899995837, 0.6834310605148202, 0.6595640034955849, 0.652998300988326, 0.6506838291358579], "SVM_wine_acc": [-0.7679802955665025, -0.7960591133004926, -0.7682266009852217, -0.7751231527093596, -0.7751231527093596], "SVM_diabetes_mse": [6311.133617630824, 6314.320562477834, 6313.0579470692, 6315.061315242339, 6305.723564805577], "DT_digits_acc": [-0.10716705381339528, -0.10716705381339528, -0.2693524970963995, -0.10716705381339528, -0.10716705381339528], "SVM_digits_nll": [0.08561350849410329, 0.09235525607538202, 0.08450569740366588, 0.08427289339816398, 0.08366304387103633], "SVM_digits_acc": [-0.9916473093302361, -0.9909552845528455, -0.9909528648857917, -0.9909504452187379, -0.9909528648857917], "DT_iris_nll": [0.4658269806206562, 1.096762342475508, 0.7271854969550956, 1.096762342475508, 0.5957165800853185], "DT_breast_nll": [0.34830753912871476, 0.6549205599224966, 0.3501583314770514, 0.6549205599224966, 0.3330173877345615], "DT_diabetes_mse": [4092.0038458213194, 4578.169057222841, 4450.2614150394975, 4270.674479667032, 4450.536277255496], "DT_iris_acc": [-0.6916666666666667, -0.36666666666666664, -0.9416666666666667, -0.36666666666666664, -0.6916666666666667], "DT_diabetes_mae": [52.256054629772926, 55.628571305668075, 54.51737126176194, 52.86719816807454, 55.451217952362754], "DT_wine_nll": [1.0920077176895173, 1.0920077176895173, 0.6312139825872078, 1.0920077176895173, 0.7662455199674583], "SVM_boston_mae": [3.738860805794821, 3.6309566962885995, 3.7771852702322706, 3.7296701089732, 3.823955841766589], "DT_breast_acc": [-0.8923076923076924, -0.6373626373626373, -0.8923076923076924, -0.6373626373626373, -0.887912087912088], "DT_digits_nll": [2.3016949627431273, 2.3016949627431273, 1.871363997026807, 2.3016949627431273, 2.3016949627431273], "SVM_boston_mse": [30.499793984130996, 29.99078616969417, 31.939414153269503, 32.47305167430328, 30.41843038142099], "DT_boston_mae": [4.106061204632782, 5.524979115751392, 4.652112690008266, 4.577256847862574, 5.310081822443859], "SVM_breast_nll": [0.2928564363167953, 0.24597918585273418, 0.2805601001917279, 0.27458729051584896, 0.27919448321118334], "SVM_breast_acc": [-0.9274725274725275, -0.9362637362637363, -0.9230769230769231, -0.9362637362637363, -0.9186813186813187], "DT_boston_mse": [31.77138521148994, 52.883280178104336, 39.88203868065034, 40.96483251284063, 46.26804168121184], "DT_wine_acc": [-0.38743842364532016, -0.38743842364532016, -0.8741379310344829, -0.38743842364532016, -0.6268472906403941]}},
"data": {"coords": {"iter": {"dims": ["iter"], "attrs": {}, "data": [0, 1, 2, 3, 4, 5, 6, 7, 8, 9, 10, 11, 12, 13, 14]}, "suggestion": {"dims": ["suggestion"], "attrs": {}, "data": [0]}, "function": {"dims": ["function"], "attrs": {}, "data": ["SVM_iris_acc"]}, "optimizer": {"dims": ["optimizer"], "attrs": {}, "data": ["GpyOpt_x.x.x_6434ac2", "RandomSearch_0.0.6_6434ac2"]}, "study_id": {"dims": ["study_id"], "attrs": {}, "data": [0, 1, 2]}}, "attrs": {}, "dims": {"function": 1, "iter": 15, "optimizer": 2, "study_id": 3, "suggestion": 1}, "data_vars": {"C": {"dims": ["iter", "suggestion", "function", "optimizer", "study_id"], "attrs": {}, "data": [[[[[43.63833625399036, 3.472979784328563, 39.04709660492536], [3.1858392784687655, 1.7480045520430352, 193.71630326470617]]]], [[[[11.347263908467188, 309.8531551123947, 557.9732156099269], [356.9498322373367, 55.863777703964054, 24.895983883645194]]]], [[[[1.27569579765809, 285.3899742928244, 12.921574541487093], [205.13500532937883, 974.3896663299466, 17.400992120856223]]]], [[[[446.6297967202707, 999.9999999999998, 283.4519233455385], [7.3535983807476475, 1.1759676455969488, 5.623223324269676]]]], [[[[86.76353490254651, 999.9999999999998, 999.9999999999998], [3.1820678327780865, 105.87912603329686, 9.509801505580848]]]], [[[[636.8001234755168, 999.9999999999998, 999.9999999999998], [95.1549849339865, 4.767395181286115, 154.6253995896945]]]], [[[[157.3575913664457, 89.6768033013417, 999.9999999999998], [388.00033448357175, 115.3454934727926, 42.00422928371691]]]], [[[[999.9999999999998, 999.9999999999998, 999.9999999999998], [130.94439099967056, 117.8788943696906, 149.0677825190908]]]], [[[[359.9068886446427, 999.9999999999998, 999.9999999999998], [1.9286761217521853, 60.96304154883327, 802.6866001416312]]]], [[[[999.9999999999998, 999.9999999999998, 999.9999999999998], [359.68329248820265, 230.36788406903193, 1.8428058456428786]]]], [[[[999.9999999999998, 1.0, 999.9999999999998], [234.5773211279531, 24.47521345341452, 9.278413339819725]]]], [[[[109.11513960053861, 999.9999999999998, 239.05842200796812], [272.70124688309284, 5.004707792282706, 61.72631149953741]]]], [[[[42.99799788986215, 325.2936904284841, 999.9999999999998], [22.818742188601643, 110.1695913989196, 7.18841488903444]]]], [[[[999.9999999999998, 999.9999999999998, 999.9999999999998], [349.38731525813625, 129.79403578932434, 380.75522379012875]]]], [[[[143.07101551542593, 999.9999999999998, 999.9999999999998], [76.30514709014946, 124.40367585657596, 878.7297998593516]]]]]}, "gamma": {"dims": ["iter", "suggestion", "function", "optimizer", "study_id"], "attrs": {}, "data": [[[[[0.0005081525336368307, 0.00011130753269801912, 0.00017413358012956763], [0.0008851195995066964, 0.0009666371163744341, 0.0004634159662026973]]]], [[[[0.0002548733346313968, 0.0005631487357246507, 0.00011714178167654623], [0.0001430012302682971, 0.000510923835636362, 0.00013274071469930086]]]], [[[[0.000107502987677426, 0.000593701709666145, 0.0002321314459324441], [0.0007203343096059291, 0.0004208782769479099, 0.0009018416856640944]]]], [[[[0.001, 0.001, 0.00012894081988295948], [0.00023416817960488827, 0.00010808460413157309, 0.0009217432929752623]]]], [[[[0.001, 0.001, 0.00010000000000000009], [0.0004698007572450391, 0.0009259598404920489, 0.00027101417296322087]]]], [[[[0.001, 0.00010000000000000009, 0.001], [0.00019361604765008643, 0.00017466263117006962, 0.0006435476411547634]]]], [[[[0.001, 0.00010000000000000009, 0.00010000000000000009], [0.0009850602528153865, 0.0004244674478611772, 0.0009239940785578925]]]], [[[[0.00010000000000000009, 0.00010000000000000009, 0.001], [0.00018366875208079166, 0.000771665591375816, 0.00028191164437161507]]]], [[[[0.00010000000000000009, 0.001, 0.00010000000000000009], [0.0009212361869793187, 0.00013535793857114088, 0.0008484986826328263]]]], [[[[0.00010000000000000009, 0.001, 0.00010000000000000009], [0.0005808924543559468, 0.00010214885785937979, 0.0001951850955408412]]]], [[[[0.001, 0.001, 0.001], [0.000632043900287932, 0.00015617655408707565, 0.00026063526175374894]]]], [[[[0.0007872808812254484, 0.00010000000000000009, 0.00010000000000000009], [0.00010146125506714049, 0.00023785372737439943, 0.0004530441946823525]]]], [[[[0.001, 0.001, 0.00010000000000000009], [0.0004085900550068389, 0.0007165119021310823, 0.0007764397998853595]]]], [[[[0.00010000000000000009, 0.00010000000000000009, 0.00026470537204949083], [0.00034116415581061693, 0.00027068108460313704, 0.00011546007842054487]]]], [[[[0.00010000000000000009, 0.00025058392414115224, 0.0002428055835277935], [0.00030207027603147354, 0.00010847806233614189, 0.000938624806442076]]]]]}, "tol": {"dims": ["iter", "suggestion", "function", "optimizer", "study_id"], "attrs": {},