{"meta": {"args": {"-db-root": "/home/nd396/bbo_challenge_starter_kit/example_submissions/bo_ei/notebooks", "--opt-root": "/home/nd396/bbo_challenge_starter_kit/example_submissions/bo_ei", "--db": "bo_example_folder", "--jobs-file": null, "--ravel": false, "--verbose": false, "dry_run": false, "rev": "6434ac2", "opt_rev": null}, "signature": {"SVM_iris_acc": [-0.9416666666666668, -0.925, -0.9333333333333332, -0.9166666666666666, -0.95], "SVM_iris_nll": [0.18340364004896872, 0.19916576061820557, 0.18889086350719977, 0.2178619729974876, 0.16704970527526128], "SVM_diabetes_mae": [66.7030794042494, 66.71801256647014, 66.71209752277093, 66.72148253522825, 66.67771016915479], "SVM_wine_nll": [0.6580876899995837, 0.6834310605148202, 0.6595640034955849, 0.652998300988326, 0.6506838291358579], "SVM_wine_acc": [-0.7679802955665025, -0.7960591133004926, -0.7682266009852217, -0.7751231527093596, -0.7751231527093596], "SVM_diabetes_mse": [6311.133617630824, 6314.320562477834, 6313.0579470692, 6315.061315242339, 6305.723564805577], "DT_digits_acc": [-0.10716705381339528, -0.10716705381339528, -0.2693524970963995, -0.10716705381339528, -0.10716705381339528], "SVM_digits_nll": [0.08561350849410329, 0.09235525607538202, 0.08450569740366588, 0.08427289339816398, 0.08366304387103633], "SVM_digits_acc": [-0.9916473093302361, -0.9909552845528455, -0.9909528648857917, -0.9909504452187379, -0.9909528648857917], "DT_iris_nll": [0.4658269806206562, 1.096762342475508, 0.7271854969550956, 1.096762342475508, 0.5957165800853185], "DT_breast_nll": [0.34830753912871476, 0.6549205599224966, 0.3501583314770514, 0.6549205599224966, 0.3330173877345615], "DT_diabetes_mse": [4092.0038458213194, 4578.169057222841, 4450.2614150394975, 4270.674479667032, 4450.536277255496], "DT_iris_acc": [-0.6916666666666667, -0.36666666666666664, -0.9416666666666667, -0.36666666666666664, -0.6916666666666667], "DT_diabetes_mae": [52.256054629772926, 55.628571305668075, 54.51737126176194, 52.86719816807454, 55.451217952362754], "DT_wine_nll": [1.0920077176895173, 1.0920077176895173, 0.6312139825872078, 1.0920077176895173, 0.7662455199674583], "SVM_boston_mae": [3.738860805794821, 3.6309566962885995, 3.7771852702322706, 3.7296701089732, 3.823955841766589], "DT_breast_acc": [-0.8923076923076924, -0.6373626373626373, -0.8923076923076924, -0.6373626373626373, -0.887912087912088], "DT_digits_nll": [2.3016949627431273, 2.3016949627431273, 1.871363997026807, 2.3016949627431273, 2.3016949627431273], "SVM_boston_mse": [30.499793984130996, 29.99078616969417, 31.939414153269503, 32.47305167430328, 30.41843038142099], "DT_boston_mae": [4.106061204632782, 5.524979115751392, 4.652112690008266, 4.577256847862574, 5.310081822443859], "SVM_breast_nll": [0.2928564363167953, 0.24597918585273418, 0.2805601001917279, 0.27458729051584896, 0.27919448321118334], "SVM_breast_acc": [-0.9274725274725275, -0.9362637362637363, -0.9230769230769231, -0.9362637362637363, -0.9186813186813187], "DT_boston_mse": [31.77138521148994, 52.883280178104336, 39.88203868065034, 40.96483251284063, 46.26804168121184], "DT_wine_acc": [-0.38743842364532016, -0.38743842364532016, -0.8741379310344829, -0.38743842364532016, -0.6268472906403941]}},
"data": {"coords": {"iter": {"dims": ["iter"], "attrs": {}, "data": [0, 1, 2, 3, 4, 5, 6, 7, 8, 9, 10, 11, 12, 13, 14]}, "suggestion": {"dims": ["suggestion"], "attrs": {}, "data": [0]}, "function": {"dims": ["function"], "attrs": {}, "data": ["SVM_breast_nll"]}, "optimizer": {"dims": ["optimizer"], "attrs": {}, "data": ["GpyOpt_x.x.x_6434ac2", "RandomSearch_0.0.6_6434ac2"]}, "study_id": {"dims": ["study_id"], "attrs": {}, "data": [0, 1, 2]}}, "attrs": {}, "dims": {"function": 1, "iter": 15, "optimizer": 2, "study_id": 3, "suggestion": 1}, "data_vars": {"C": {"dims": ["iter", "suggestion", "function", "optimizer", "study_id"], "attrs": {}, "data": [[[[[1.4293536340835937, 864.4539989997429, 3.3108098298827167], [605.5341835260059, 1.6249448105169848, 18.68187421606398]]]], [[[[3.8135325263464193, 5.364806185287193, 3.305728773963729], [1.6079029404179321, 486.9511584006314, 1.6603057989378422]]]], [[[[13.461431369795424, 11.92892488748454, 6.741731973680472], [49.633025689252676, 78.56385330163893, 527.7715789639859]]]], [[[[3.09423733970099, 1.0, 6.178576656549313], [13.195723430337694, 49.81364411693132, 4.405098444086712]]]], [[[[1.0, 13.074955473602142, 34.000347060918884], [37.67215011816205, 21.299634571122727, 115.13182448025563]]]], [[[[5.08965311643554, 5.143544175113323, 8.995475476008822], [628.0952774785727, 8.7788900771037, 408.8695929808073]]]], [[[[24.543226542698257, 4.428063462883818, 36.059621676077995], [13.517676309122743, 643.0447493566785, 366.99562421398855]]]], [[[[2.326081432347285, 1.0, 4.206215561236961], [1.4198836644421566, 17.358022608465667, 23.167715165305363]]]], [[[[999.9999999999998, 268.7245744211924, 1.9570790764419148], [14.895097572838877, 116.66465446880618, 8.974137057959872]]]], [[[[5.787452632775812, 1.229787868328485, 4.904097661209658], [5.191417277099345, 231.51502448343751, 124.99723760529889]]]], [[[[1.0, 1.0, 3.720009607698552], [19.071524443529555, 242.00052291828013, 239.05684315777327]]]], [[[[999.9999999999998, 4.495216603927766, 5.472828975856401], [56.42248537015187, 190.1550837250004, 9.353969287472163]]]], [[[[1.0, 3.4797877141751963, 5.428234774412943], [33.542719671471595, 19.26992107598261, 43.074589489928925]]]], [[[[1.0, 1.0, 2.7578117263107305], [61.35104670471383, 51.72214911589934, 15.213235499072358]]]], [[[[1.0, 17.5401009765481, 999.9999999999998], [607.2666099414538, 5.46598293102237, 62.268476515180524]]]]]}, "gamma": {"dims": ["iter", "suggestion", "function", "optimizer", "study_id"], "attrs": {}, "data": [[[[[0.0008923121127243994, 0.00015591498153686437, 0.00033072902892714273], [0.0004074213566497891, 0.0003573649149899261, 0.0008377855179237532]]]], [[[[0.00024666585487440995, 0.00015857900662511756, 0.0006179214892784596], [0.00021954255043125977, 0.00029738185167033944, 0.000176924530555202]]]], [[[[0.0004119906657383928, 0.00026914054600846377, 0.00037817585039898963], [0.00011186046279050214, 0.0006574338338473245, 0.0005311166039832978]]]], [[[[0.00021881279324368678, 0.00013040775909578344, 0.0002084149429122182], [0.00019618699002339431, 0.0003975661978262785, 0.00018157678556796308]]]], [[[[0.001, 0.00010000000000000009, 0.00010000000000000009], [0.00016313147199571726, 0.00012589704865696973, 0.00032086072207166745]]]], [[[[0.00011512289489861353, 0.001, 0.00010000000000000009], [0.00016242410952788995, 0.0008823598632926327, 0.0009574208422983137]]]], [[[[0.00015309265629828402, 0.00010000000000000009, 0.00016397335072772915], [0.00023065963311110532, 0.00041789127814492564, 0.0009604434130943317]]]], [[[[0.00010000000000000009, 0.00010000000000000009, 0.0001344386782367022], [0.00022012651813614042, 0.0005101432819333858, 0.0001927562740698628]]]], [[[[0.00010000000000000009, 0.00010000000000000009, 0.00010000000000000009], [0.0002904939306598343, 0.00022964074250877718, 0.0005705935936302234]]]], [[[[0.00010000000000000009, 0.00010000000000000009, 0.0003722771263642535], [0.00010600750885077108, 0.0009287070820618649, 0.00018362405331615142]]]], [[[[0.001, 0.00010000000000000009, 0.00010000000000000009], [0.00042894921543427554, 0.000265808790583363, 0.00014408055149881473]]]], [[[[0.001, 0.00010000000000000009, 0.00010102863810345463], [0.00017315538937296638, 0.00032786766204194803, 0.0002277175569288856]]]], [[[[0.00010000000000000009, 0.00010000000000000009, 0.00013409180682445292], [0.00023045019943512577, 0.0004446147245367913, 0.0006013969049169847]]]], [[[[0.00010000000000000009, 0.001, 0.00010876449798513436], [0.0009251437214902306, 0.00014895453918043502, 0.00022489267824994568]]]], [[[[0.00010000000000000009, 0.00010000000000000009, 0.00010000000000000009], [0.00013627354284837846, 0.00025801878718241495, 0.0001816870664110608]]]]]}, "tol": {"dims": ["iter", "suggestion", "function", "optimizer", "study_id"],