{"meta": {"args": {"-db-root": "/home/nd396/bbo_challenge_starter_kit/example_submissions/bo_ei/notebooks", "--opt-root": "/home/nd396/bbo_challenge_starter_kit/example_submissions/bo_ei", "--db": "bo_example_folder", "--jobs-file": null, "--ravel": false, "--verbose": false, "dry_run": false, "rev": "6434ac2", "opt_rev": null}, "signature": {"SVM_iris_acc": [-0.9416666666666668, -0.925, -0.9333333333333332, -0.9166666666666666, -0.95], "SVM_iris_nll": [0.18340364004896872, 0.19916576061820557, 0.18889086350719977, 0.2178619729974876, 0.16704970527526128], "SVM_diabetes_mae": [66.7030794042494, 66.71801256647014, 66.71209752277093, 66.72148253522825, 66.67771016915479], "SVM_wine_nll": [0.6580876899995837, 0.6834310605148202, 0.6595640034955849, 0.652998300988326, 0.6506838291358579], "SVM_wine_acc": [-0.7679802955665025, -0.7960591133004926, -0.7682266009852217, -0.7751231527093596, -0.7751231527093596], "SVM_diabetes_mse": [6311.133617630824, 6314.320562477834, 6313.0579470692, 6315.061315242339, 6305.723564805577], "DT_digits_acc": [-0.10716705381339528, -0.10716705381339528, -0.2693524970963995, -0.10716705381339528, -0.10716705381339528], "SVM_digits_nll": [0.08561350849410329, 0.09235525607538202, 0.08450569740366588, 0.08427289339816398, 0.08366304387103633], "SVM_digits_acc": [-0.9916473093302361, -0.9909552845528455, -0.9909528648857917, -0.9909504452187379, -0.9909528648857917], "DT_iris_nll": [0.4658269806206562, 1.096762342475508, 0.7271854969550956, 1.096762342475508, 0.5957165800853185], "DT_breast_nll": [0.34830753912871476, 0.6549205599224966, 0.3501583314770514, 0.6549205599224966, 0.3330173877345615], "DT_diabetes_mse": [4092.0038458213194, 4578.169057222841, 4450.2614150394975, 4270.674479667032, 4450.536277255496], "DT_iris_acc": [-0.6916666666666667, -0.36666666666666664, -0.9416666666666667, -0.36666666666666664, -0.6916666666666667], "DT_diabetes_mae": [52.256054629772926, 55.628571305668075, 54.51737126176194, 52.86719816807454, 55.451217952362754], "DT_wine_nll": [1.0920077176895173, 1.0920077176895173, 0.6312139825872078, 1.0920077176895173, 0.7662455199674583], "SVM_boston_mae": [3.738860805794821, 3.6309566962885995, 3.7771852702322706, 3.7296701089732, 3.823955841766589], "DT_breast_acc": [-0.8923076923076924, -0.6373626373626373, -0.8923076923076924, -0.6373626373626373, -0.887912087912088], "DT_digits_nll": [2.3016949627431273, 2.3016949627431273, 1.871363997026807, 2.3016949627431273, 2.3016949627431273], "SVM_boston_mse": [30.499793984130996, 29.99078616969417, 31.939414153269503, 32.47305167430328, 30.41843038142099], "DT_boston_mae": [4.106061204632782, 5.524979115751392, 4.652112690008266, 4.577256847862574, 5.310081822443859], "SVM_breast_nll": [0.2928564363167953, 0.24597918585273418, 0.2805601001917279, 0.27458729051584896, 0.27919448321118334], "SVM_breast_acc": [-0.9274725274725275, -0.9362637362637363, -0.9230769230769231, -0.9362637362637363, -0.9186813186813187], "DT_boston_mse": [31.77138521148994, 52.883280178104336, 39.88203868065034, 40.96483251284063, 46.26804168121184], "DT_wine_acc": [-0.38743842364532016, -0.38743842364532016, -0.8741379310344829, -0.38743842364532016, -0.6268472906403941]}},
"data": {"coords": {"iter": {"dims": ["iter"], "attrs": {}, "data": [0, 1, 2, 3, 4, 5, 6, 7, 8, 9, 10, 11, 12, 13, 14]}, "suggestion": {"dims": ["suggestion"], "attrs": {}, "data": [0]}, "function": {"dims": ["function"], "attrs": {}, "data": ["SVM_wine_nll"]}, "optimizer": {"dims": ["optimizer"], "attrs": {}, "data": ["GpyOpt_x.x.x_6434ac2", "RandomSearch_0.0.6_6434ac2"]}, "study_id": {"dims": ["study_id"], "attrs": {}, "data": [0, 1, 2]}}, "attrs": {}, "dims": {"function": 1, "iter": 15, "optimizer": 2, "study_id": 3, "suggestion": 1}, "data_vars": {"C": {"dims": ["iter", "suggestion", "function", "optimizer", "study_id"], "attrs": {}, "data": [[[[[1.7375492176731075, 1.3014080575742153, 25.142413378821306], [3.732445092305363, 31.256147876520952, 7.246123078717453]]]], [[[[98.96997753285126, 177.93319881450768, 115.55430861731625], [14.786440163671005, 770.8615644526107, 310.6760574088828]]]], [[[[248.04586732048404, 1.5830880964351126, 126.79734474314783], [9.173390852999926, 110.88001768727852, 1.0002486545568592]]]], [[[[270.2482165465556, 1.8012226514098093, 761.2251200425935], [24.142787105343984, 1.4527117358795278, 8.137465123474842]]]], [[[[300.48849914490745, 1.7844610758967343, 999.9999999999998], [2.063683082480627, 9.382400500825796, 310.0137051727533]]]], [[[[265.0751869487595, 1.7668212396889353, 999.9999999999998], [1.2817160968256198, 97.8599843170502, 2.584692725318974]]]], [[[[228.13255774027257, 2.3617739390989847, 999.9999999999998], [64.37428858768773, 122.03734595891189, 8.539794230977487]]]], [[[[268.0963195996495, 3.0564370087822104, 999.9999999999998], [42.514106811564744, 92.57897078861605, 996.4187658670496]]]], [[[[264.26999429184775, 5.352919549798029, 999.9999999999998], [3.7648753408580364, 35.56803925000618, 1.6399277052191392]]]], [[[[310.5454390096891, 3.910902038639047, 765.3878500434381], [11.912771281740593, 95.28002575905478, 6.34061346679778]]]], [[[[385.1547165758157, 7.836104985176746, 435.5119658997088], [80.45693594269935, 53.545539648562986, 82.19055948075702]]]], [[[[528.3543603535234, 4.484676431049655, 264.70263215316214], [2.28107892204174, 5.31207549131288, 42.999027281714085]]]], [[[[271.16426604246635, 4.189777280972745, 195.6950321648144], [377.9738344862725, 30.705052919539707, 25.79867836433895]]]], [[[[310.5347804428571, 3.3218122800360605, 216.9000510191649], [836.6770132525053, 1.1546242417409642, 5.860021176998799]]]], [[[[267.96911690184766, 2.7534363682376677, 382.6157778179049], [361.02096242086424, 1.6837877105134296, 272.1794904693113]]]]]}, "gamma": {"dims": ["iter", "suggestion", "function", "optimizer", "study_id"], "attrs": {}, "data": [[[[[0.00021225135902856163, 0.0003911839150880306, 0.00011960574468623872], [0.0006109098310098672, 0.000909452684639622, 0.00012498231736220657]]]], [[[[0.00014711123227381984, 0.00036454319360678587, 0.00016444041198301104], [0.0004459529964144523, 0.00044019521390006226, 0.00037855276642115895]]]], [[[[0.0009758402868385805, 0.0004070617454574341, 0.0003179146468849178], [0.00019863183860744385, 0.0002511845060674705, 0.00045663101541916533]]]], [[[[0.000986841940582314, 0.0004178734468695117, 0.00045693865932197944], [0.0004951832942105097, 0.00013707131484549118, 0.00014588766906765375]]]], [[[[0.001, 0.0002836620989795834, 0.0005809411155772403], [0.0001823349737616292, 0.0001784206480607209, 0.0005963846107501504]]]], [[[[0.001, 0.0005293473283306528, 0.000774507516612903], [0.0006745672251298075, 0.00020050584303238746, 0.00031650148003886067]]]], [[[[0.0009459155751313376, 0.0004707312963871477, 0.0005480824497069646], [0.00023356839808407604, 0.00011749644898307537, 0.0005380927953104837]]]], [[[[0.0009830237641839368, 0.0004753011784394345, 0.0008008279131916535], [0.0003331240826285059, 0.00011480315526621196, 0.00045790473017986966]]]], [[[[0.0009411539046900334, 0.0005639950572611095, 0.0002790559569316192], [0.0004988236839477219, 0.0001318322624686879, 0.0001505646904275286]]]], [[[[0.0007770709829725361, 0.0006274997703815185, 0.0006816687214434405], [0.00021902528108506793, 0.0007292252578810559, 0.0002700482407503056]]]], [[[[0.0006213130520567193, 0.0002515002636771743, 0.0008137458283303383], [0.00044067286279596014, 0.00012819707106651577, 0.000858283300770925]]]], [[[[0.0009176809267550532, 0.0007881706502336937, 0.001], [0.0003533184768510237, 0.0008067366911628003, 0.0001112866946085479]]]], [[[[0.0009881132868156965, 0.0004706191509224322, 0.001], [0.0002179241306713412, 0.00014118842661842875, 0.000863079752778701]]]], [[[[0.000777137510703293, 0.0006403113845161173, 0.001], [0.00022158779154653514, 0.0006347532356074173, 0.00030087867159197656]]]], [[[[0.0009876159578276057, 0.001, 0.001], [0.0005817593537135937, 0.00014481807374470604, 0.00012723936054893011]]]]]},